"mapping_digest"	"unit"	"row_index"	"destination"	"inference_stage_id"	"candidate_set_id"	"derivation"	"gate_outcome"	"fidelity_status"	"fidelity_facets"	"term_support"
"b6e93bde68f64065da65bf5e79379ff9e2b46a8cb3149fd85dd4eb07939d5ad0"	"p1"	"0"	"ext:Intrusion"	"5e41caa414202a004ff165a13362c260aa672c467886f084d54bf07983525a78"	"3bc807c6136c3a3ec30c4a75d41d79fd7de51e58e07e170daebf7ec477b4c9a6"	"{""status"":""supplied""}"	"{""status"":""not-gated""}"	"{""reason"":""NoGateEvaluation"",""status"":""not-assessed""}"	"{""reason"":""not-supplied"",""status"":""absent""}"	"{""reason"":""NoCostBreakdown"",""status"":""not-computed""}"
"b6e93bde68f64065da65bf5e79379ff9e2b46a8cb3149fd85dd4eb07939d5ad0"	"p1"	"1"	"sit:e2"	"5e41caa414202a004ff165a13362c260aa672c467886f084d54bf07983525a78"	"3bc807c6136c3a3ec30c4a75d41d79fd7de51e58e07e170daebf7ec477b4c9a6"	"{""status"":""supplied""}"	"{""status"":""not-gated""}"	"{""reason"":""NoGateEvaluation"",""status"":""not-assessed""}"	"{""reason"":""not-supplied"",""status"":""absent""}"	"{""reason"":""NoCostBreakdown"",""status"":""not-computed""}"
"b6e93bde68f64065da65bf5e79379ff9e2b46a8cb3149fd85dd4eb07939d5ad0"	"p1"	"2"	"sit:e4"	"5e41caa414202a004ff165a13362c260aa672c467886f084d54bf07983525a78"	"3bc807c6136c3a3ec30c4a75d41d79fd7de51e58e07e170daebf7ec477b4c9a6"	"{""status"":""supplied""}"	"{""status"":""not-gated""}"	"{""reason"":""NoGateEvaluation"",""status"":""not-assessed""}"	"{""reason"":""not-supplied"",""status"":""absent""}"	"{""reason"":""NoCostBreakdown"",""status"":""not-computed""}"
"b6e93bde68f64065da65bf5e79379ff9e2b46a8cb3149fd85dd4eb07939d5ad0"	"p2"	"0"	"ext:Intrusion"	"5e41caa414202a004ff165a13362c260aa672c467886f084d54bf07983525a78"	"3a27ffd09e64c702537b1c0f24eed853fd95a5362b972efed8f327d850c14d01"	"{""status"":""supplied""}"	"{""status"":""not-gated""}"	"{""reason"":""NoGateEvaluation"",""status"":""not-assessed""}"	"{""reason"":""not-supplied"",""status"":""absent""}"	"{""reason"":""NoCostBreakdown"",""status"":""not-computed""}"
"b6e93bde68f64065da65bf5e79379ff9e2b46a8cb3149fd85dd4eb07939d5ad0"	"p2"	"1"	"sit:e2"	"5e41caa414202a004ff165a13362c260aa672c467886f084d54bf07983525a78"	"3a27ffd09e64c702537b1c0f24eed853fd95a5362b972efed8f327d850c14d01"	"{""status"":""supplied""}"	"{""status"":""not-gated""}"	"{""reason"":""NoGateEvaluation"",""status"":""not-assessed""}"	"{""reason"":""not-supplied"",""status"":""absent""}"	"{""reason"":""NoCostBreakdown"",""status"":""not-computed""}"
"b6e93bde68f64065da65bf5e79379ff9e2b46a8cb3149fd85dd4eb07939d5ad0"	"p2"	"2"	"sit:e4"	"5e41caa414202a004ff165a13362c260aa672c467886f084d54bf07983525a78"	"3a27ffd09e64c702537b1c0f24eed853fd95a5362b972efed8f327d850c14d01"	"{""status"":""supplied""}"	"{""status"":""not-gated""}"	"{""reason"":""NoGateEvaluation"",""status"":""not-assessed""}"	"{""reason"":""not-supplied"",""status"":""absent""}"	"{""reason"":""NoCostBreakdown"",""status"":""not-computed""}"
"b6e93bde68f64065da65bf5e79379ff9e2b46a8cb3149fd85dd4eb07939d5ad0"	"p3"	"0"	"ext:Intrusion"	"5e41caa414202a004ff165a13362c260aa672c467886f084d54bf07983525a78"	"e19880c2bfcd4998230977465cae571eb98ebb15942609066f85b120c06ee061"	"{""status"":""supplied""}"	"{""status"":""not-gated""}"	"{""reason"":""NoGateEvaluation"",""status"":""not-assessed""}"	"{""reason"":""not-supplied"",""status"":""absent""}"	"{""reason"":""NoCostBreakdown"",""status"":""not-computed""}"
"b6e93bde68f64065da65bf5e79379ff9e2b46a8cb3149fd85dd4eb07939d5ad0"	"p3"	"1"	"sit:e2"	"5e41caa414202a004ff165a13362c260aa672c467886f084d54bf07983525a78"	"e19880c2bfcd4998230977465cae571eb98ebb15942609066f85b120c06ee061"	"{""status"":""supplied""}"	"{""status"":""not-gated""}"	"{""reason"":""NoGateEvaluation"",""status"":""not-assessed""}"	"{""reason"":""not-supplied"",""status"":""absent""}"	"{""reason"":""NoCostBreakdown"",""status"":""not-computed""}"
"b6e93bde68f64065da65bf5e79379ff9e2b46a8cb3149fd85dd4eb07939d5ad0"	"p3"	"2"	"sit:e4"	"5e41caa414202a004ff165a13362c260aa672c467886f084d54bf07983525a78"	"e19880c2bfcd4998230977465cae571eb98ebb15942609066f85b120c06ee061"	"{""status"":""supplied""}"	"{""status"":""not-gated""}"	"{""reason"":""NoGateEvaluation"",""status"":""not-assessed""}"	"{""reason"":""not-supplied"",""status"":""absent""}"	"{""reason"":""NoCostBreakdown"",""status"":""not-computed""}"
"b6e93bde68f64065da65bf5e79379ff9e2b46a8cb3149fd85dd4eb07939d5ad0"	"p4"	"0"	"ext:Intrusion"	"5e41caa414202a004ff165a13362c260aa672c467886f084d54bf07983525a78"	"139332574e5cc19d739c689127711216e9da2bd82ed6f27362013b16db6bac70"	"{""status"":""supplied""}"	"{""status"":""not-gated""}"	"{""reason"":""NoGateEvaluation"",""status"":""not-assessed""}"	"{""reason"":""not-supplied"",""status"":""absent""}"	"{""reason"":""NoCostBreakdown"",""status"":""not-computed""}"
"b6e93bde68f64065da65bf5e79379ff9e2b46a8cb3149fd85dd4eb07939d5ad0"	"p4"	"1"	"sit:e2"	"5e41caa414202a004ff165a13362c260aa672c467886f084d54bf07983525a78"	"139332574e5cc19d739c689127711216e9da2bd82ed6f27362013b16db6bac70"	"{""status"":""supplied""}"	"{""status"":""not-gated""}"	"{""reason"":""NoGateEvaluation"",""status"":""not-assessed""}"	"{""reason"":""not-supplied"",""status"":""absent""}"	"{""reason"":""NoCostBreakdown"",""status"":""not-computed""}"
"b6e93bde68f64065da65bf5e79379ff9e2b46a8cb3149fd85dd4eb07939d5ad0"	"p4"	"2"	"sit:e4"	"5e41caa414202a004ff165a13362c260aa672c467886f084d54bf07983525a78"	"139332574e5cc19d739c689127711216e9da2bd82ed6f27362013b16db6bac70"	"{""status"":""supplied""}"	"{""status"":""not-gated""}"	"{""reason"":""NoGateEvaluation"",""status"":""not-assessed""}"	"{""reason"":""not-supplied"",""status"":""absent""}"	"{""reason"":""NoCostBreakdown"",""status"":""not-computed""}"
"b6e93bde68f64065da65bf5e79379ff9e2b46a8cb3149fd85dd4eb07939d5ad0"	"p5"	"0"	"ext:Intrusion"	"5e41caa414202a004ff165a13362c260aa672c467886f084d54bf07983525a78"	"533c2d4b7fab4a7e9d374d8fd38769442d0340ed789f3a3c04015e35be91d693"	"{""status"":""supplied""}"	"{""status"":""not-gated""}"	"{""reason"":""NoGateEvaluation"",""status"":""not-assessed""}"	"{""reason"":""not-supplied"",""status"":""absent""}"	"{""reason"":""NoCostBreakdown"",""status"":""not-computed""}"
"b6e93bde68f64065da65bf5e79379ff9e2b46a8cb3149fd85dd4eb07939d5ad0"	"p5"	"1"	"sit:e2"	"5e41caa414202a004ff165a13362c260aa672c467886f084d54bf07983525a78"	"533c2d4b7fab4a7e9d374d8fd38769442d0340ed789f3a3c04015e35be91d693"	"{""status"":""supplied""}"	"{""status"":""not-gated""}"	"{""reason"":""NoGateEvaluation"",""status"":""not-assessed""}"	"{""reason"":""not-supplied"",""status"":""absent""}"	"{""reason"":""NoCostBreakdown"",""status"":""not-computed""}"
"b6e93bde68f64065da65bf5e79379ff9e2b46a8cb3149fd85dd4eb07939d5ad0"	"p5"	"2"	"sit:e4"	"5e41caa414202a004ff165a13362c260aa672c467886f084d54bf07983525a78"	"533c2d4b7fab4a7e9d374d8fd38769442d0340ed789f3a3c04015e35be91d693"	"{""status"":""supplied""}"	"{""status"":""not-gated""}"	"{""reason"":""NoGateEvaluation"",""status"":""not-assessed""}"	"{""reason"":""not-supplied"",""status"":""absent""}"	"{""reason"":""NoCostBreakdown"",""status"":""not-computed""}"
"b6e93bde68f64065da65bf5e79379ff9e2b46a8cb3149fd85dd4eb07939d5ad0"	"p7"	"0"	"ext:Intrusion"	"5e41caa414202a004ff165a13362c260aa672c467886f084d54bf07983525a78"	"40c21e516acdde1b062fcb19ec511e66bbc131570fea7fabeaa12166274651b7"	"{""status"":""supplied""}"	"{""status"":""not-gated""}"	"{""reason"":""NoGateEvaluation"",""status"":""not-assessed""}"	"{""reason"":""not-supplied"",""status"":""absent""}"	"{""reason"":""NoCostBreakdown"",""status"":""not-computed""}"
"b6e93bde68f64065da65bf5e79379ff9e2b46a8cb3149fd85dd4eb07939d5ad0"	"p7"	"1"	"sit:e2"	"5e41caa414202a004ff165a13362c260aa672c467886f084d54bf07983525a78"	"40c21e516acdde1b062fcb19ec511e66bbc131570fea7fabeaa12166274651b7"	"{""status"":""supplied""}"	"{""status"":""not-gated""}"	"{""reason"":""NoGateEvaluation"",""status"":""not-assessed""}"	"{""reason"":""not-supplied"",""status"":""absent""}"	"{""reason"":""NoCostBreakdown"",""status"":""not-computed""}"
"b6e93bde68f64065da65bf5e79379ff9e2b46a8cb3149fd85dd4eb07939d5ad0"	"p7"	"2"	"sit:e4"	"5e41caa414202a004ff165a13362c260aa672c467886f084d54bf07983525a78"	"40c21e516acdde1b062fcb19ec511e66bbc131570fea7fabeaa12166274651b7"	"{""status"":""supplied""}"	"{""status"":""not-gated""}"	"{""reason"":""NoGateEvaluation"",""status"":""not-assessed""}"	"{""reason"":""not-supplied"",""status"":""absent""}"	"{""reason"":""NoCostBreakdown"",""status"":""not-computed""}"
"b6e93bde68f64065da65bf5e79379ff9e2b46a8cb3149fd85dd4eb07939d5ad0"	"p8"	"0"	"ext:Intrusion"	"5e41caa414202a004ff165a13362c260aa672c467886f084d54bf07983525a78"	"4a6ad7b3a765a96915f515de10c4cf65a98dfcef30d133b330fe2d259a7ba12c"	"{""status"":""supplied""}"	"{""status"":""not-gated""}"	"{""reason"":""NoGateEvaluation"",""status"":""not-assessed""}"	"{""reason"":""not-supplied"",""status"":""absent""}"	"{""reason"":""NoCostBreakdown"",""status"":""not-computed""}"
"b6e93bde68f64065da65bf5e79379ff9e2b46a8cb3149fd85dd4eb07939d5ad0"	"p8"	"1"	"sit:e2"	"5e41caa414202a004ff165a13362c260aa672c467886f084d54bf07983525a78"	"4a6ad7b3a765a96915f515de10c4cf65a98dfcef30d133b330fe2d259a7ba12c"	"{""status"":""supplied""}"	"{""status"":""not-gated""}"	"{""reason"":""NoGateEvaluation"",""status"":""not-assessed""}"	"{""reason"":""not-supplied"",""status"":""absent""}"	"{""reason"":""NoCostBreakdown"",""status"":""not-computed""}"
"b6e93bde68f64065da65bf5e79379ff9e2b46a8cb3149fd85dd4eb07939d5ad0"	"p8"	"2"	"sit:e4"	"5e41caa414202a004ff165a13362c260aa672c467886f084d54bf07983525a78"	"4a6ad7b3a765a96915f515de10c4cf65a98dfcef30d133b330fe2d259a7ba12c"	"{""status"":""supplied""}"	"{""status"":""not-gated""}"	"{""reason"":""NoGateEvaluation"",""status"":""not-assessed""}"	"{""reason"":""not-supplied"",""status"":""absent""}"	"{""reason"":""NoCostBreakdown"",""status"":""not-computed""}"
