"mapping_digest"	"target_id"	"level"	"parent"	"axis_membership"	"support_coverage"	"propositional_scope"
"b6e93bde68f64065da65bf5e79379ff9e2b46a8cb3149fd85dd4eb07939d5ad0"	"seg:g1"	"1"	"{""reason"":""not-supplied"",""status"":""absent""}"	"[{""axis"":""axis:371b1b1220a4"",""role"":{""bundle"":""bundle:ca1afe5a7c6b"",""status"":""part""}}]"	"{""missing"":[""sit:e4""],""status"":""partial""}"	"{""reason"":""ProviderAbstained"",""status"":""undeclared""}"
"b6e93bde68f64065da65bf5e79379ff9e2b46a8cb3149fd85dd4eb07939d5ad0"	"sit:e1"	"0"	"{""reason"":""not-supplied"",""status"":""absent""}"	"[{""axis"":""axis:371b1b1220a4"",""role"":{""bundle"":""bundle:ca1afe5a7c6b"",""status"":""part""}}]"	"{""status"":""complete""}"	"{""reason"":""ProviderAbstained"",""status"":""undeclared""}"
"b6e93bde68f64065da65bf5e79379ff9e2b46a8cb3149fd85dd4eb07939d5ad0"	"sit:e2"	"0"	"{""status"":""present"",""value"":""seg:g1""}"	"[{""axis"":""axis:371b1b1220a4"",""role"":{""bundle"":""bundle:ca1afe5a7c6b"",""status"":""part""}}]"	"{""status"":""complete""}"	"{""reason"":""ProviderAbstained"",""status"":""undeclared""}"
"b6e93bde68f64065da65bf5e79379ff9e2b46a8cb3149fd85dd4eb07939d5ad0"	"sit:e3"	"0"	"{""reason"":""not-supplied"",""status"":""absent""}"	"[{""axis"":""axis:371b1b1220a4"",""role"":{""bundle"":""bundle:ca1afe5a7c6b"",""status"":""part""}}]"	"{""status"":""complete""}"	"{""reason"":""ProviderAbstained"",""status"":""undeclared""}"
"b6e93bde68f64065da65bf5e79379ff9e2b46a8cb3149fd85dd4eb07939d5ad0"	"sit:e4"	"0"	"{""status"":""present"",""value"":""seg:g1""}"	"[]"	"{""reason"":""TargetUnlocated"",""status"":""unknown""}"	"{""reason"":""ProviderAbstained"",""status"":""undeclared""}"
"b6e93bde68f64065da65bf5e79379ff9e2b46a8cb3149fd85dd4eb07939d5ad0"	"sit:e5"	"0"	"{""reason"":""not-supplied"",""status"":""absent""}"	"[{""axis"":""axis:125b5c61c2c0"",""role"":{""bundle"":""bundle:7ff19ced776b"",""status"":""part""}}]"	"{""status"":""complete""}"	"{""reason"":""ProviderAbstained"",""status"":""undeclared""}"
"b6e93bde68f64065da65bf5e79379ff9e2b46a8cb3149fd85dd4eb07939d5ad0"	"sit:e6"	"0"	"{""reason"":""not-supplied"",""status"":""absent""}"	"[{""axis"":""axis:125b5c61c2c0"",""role"":{""bundle"":""bundle:7ff19ced776b"",""status"":""part""}}]"	"{""status"":""complete""}"	"{""reason"":""ProviderAbstained"",""status"":""undeclared""}"
"b6e93bde68f64065da65bf5e79379ff9e2b46a8cb3149fd85dd4eb07939d5ad0"	"sit:e7"	"0"	"{""reason"":""not-supplied"",""status"":""absent""}"	"[{""axis"":""axis:125b5c61c2c0"",""role"":{""bundle"":""bundle:7ff19ced776b"",""status"":""part""}}]"	"{""status"":""complete""}"	"{""reason"":""ProviderAbstained"",""status"":""undeclared""}"
"b6e93bde68f64065da65bf5e79379ff9e2b46a8cb3149fd85dd4eb07939d5ad0"	"sit:e8"	"0"	"{""reason"":""not-supplied"",""status"":""absent""}"	"[{""axis"":""axis:125b5c61c2c0"",""role"":{""bundle"":""bundle:7ff19ced776b"",""status"":""part""}}]"	"{""status"":""complete""}"	"{""reason"":""ProviderAbstained"",""status"":""undeclared""}"
