"mapping_digest"	"target_id"	"support_status"
"b6e93bde68f64065da65bf5e79379ff9e2b46a8cb3149fd85dd4eb07939d5ad0"	"seg:g1"	"{""source_support"":{""anchors"":[{""axis"":""axis:371b1b1220a4"",""bundle"":""bundle:ca1afe5a7c6b"",""intervals"":[{""axis"":""axis:371b1b1220a4"",""end_exclusive_tick"":""20"",""start_tick"":""10""}],""kind"":""media-time"",""stream"":""stream:a39dbee6c2a4""}],""bundle_identity"":""7c026582f5f4659930818eb0087b1c146fbe606e88706c9ecab629d19de7a677"",""status"":""anchored""},""status"":""located"",""support_relation"":""evidence-support""}"
"b6e93bde68f64065da65bf5e79379ff9e2b46a8cb3149fd85dd4eb07939d5ad0"	"sit:e1"	"{""source_support"":{""anchors"":[{""axis"":""axis:371b1b1220a4"",""bundle"":""bundle:ca1afe5a7c6b"",""intervals"":[{""axis"":""axis:371b1b1220a4"",""end_exclusive_tick"":""10"",""start_tick"":""0""}],""kind"":""media-time"",""stream"":""stream:a39dbee6c2a4""}],""bundle_identity"":""7c026582f5f4659930818eb0087b1c146fbe606e88706c9ecab629d19de7a677"",""status"":""anchored""},""status"":""located"",""support_relation"":""evidence-support""}"
"b6e93bde68f64065da65bf5e79379ff9e2b46a8cb3149fd85dd4eb07939d5ad0"	"sit:e2"	"{""source_support"":{""anchors"":[{""axis"":""axis:371b1b1220a4"",""bundle"":""bundle:ca1afe5a7c6b"",""intervals"":[{""axis"":""axis:371b1b1220a4"",""end_exclusive_tick"":""20"",""start_tick"":""10""}],""kind"":""media-time"",""stream"":""stream:a39dbee6c2a4""}],""bundle_identity"":""7c026582f5f4659930818eb0087b1c146fbe606e88706c9ecab629d19de7a677"",""status"":""anchored""},""status"":""located"",""support_relation"":""evidence-support""}"
"b6e93bde68f64065da65bf5e79379ff9e2b46a8cb3149fd85dd4eb07939d5ad0"	"sit:e3"	"{""source_support"":{""anchors"":[{""axis"":""axis:371b1b1220a4"",""bundle"":""bundle:ca1afe5a7c6b"",""intervals"":[{""axis"":""axis:371b1b1220a4"",""end_exclusive_tick"":""30"",""start_tick"":""20""}],""kind"":""media-time"",""stream"":""stream:a39dbee6c2a4""}],""bundle_identity"":""7c026582f5f4659930818eb0087b1c146fbe606e88706c9ecab629d19de7a677"",""status"":""anchored""},""status"":""located"",""support_relation"":""evidence-support""}"
"b6e93bde68f64065da65bf5e79379ff9e2b46a8cb3149fd85dd4eb07939d5ad0"	"sit:e4"	"{""reason"":""NoLocusInSource"",""status"":""unlocated""}"
"b6e93bde68f64065da65bf5e79379ff9e2b46a8cb3149fd85dd4eb07939d5ad0"	"sit:e5"	"{""source_support"":{""anchors"":[{""axis"":""axis:125b5c61c2c0"",""bundle"":""bundle:7ff19ced776b"",""intervals"":[{""axis"":""axis:125b5c61c2c0"",""end_exclusive_tick"":""10"",""start_tick"":""0""}],""kind"":""media-time"",""stream"":""stream:a3da62e2eca7""}],""bundle_identity"":""6185787834aff3f56f85bd18197ca684a9453c31a8ca5218eb623e37429aa110"",""status"":""anchored""},""status"":""located"",""support_relation"":""evidence-support""}"
"b6e93bde68f64065da65bf5e79379ff9e2b46a8cb3149fd85dd4eb07939d5ad0"	"sit:e6"	"{""source_support"":{""anchors"":[{""axis"":""axis:125b5c61c2c0"",""bundle"":""bundle:7ff19ced776b"",""intervals"":[{""axis"":""axis:125b5c61c2c0"",""end_exclusive_tick"":""20"",""start_tick"":""10""}],""kind"":""media-time"",""stream"":""stream:a3da62e2eca7""}],""bundle_identity"":""6185787834aff3f56f85bd18197ca684a9453c31a8ca5218eb623e37429aa110"",""status"":""anchored""},""status"":""located"",""support_relation"":""evidence-support""}"
"b6e93bde68f64065da65bf5e79379ff9e2b46a8cb3149fd85dd4eb07939d5ad0"	"sit:e7"	"{""source_support"":{""anchors"":[{""axis"":""axis:125b5c61c2c0"",""bundle"":""bundle:7ff19ced776b"",""intervals"":[{""axis"":""axis:125b5c61c2c0"",""end_exclusive_tick"":""30"",""start_tick"":""20""}],""kind"":""media-time"",""stream"":""stream:a3da62e2eca7""}],""bundle_identity"":""6185787834aff3f56f85bd18197ca684a9453c31a8ca5218eb623e37429aa110"",""status"":""anchored""},""status"":""located"",""support_relation"":""evidence-support""}"
"b6e93bde68f64065da65bf5e79379ff9e2b46a8cb3149fd85dd4eb07939d5ad0"	"sit:e8"	"{""source_support"":{""anchors"":[{""axis"":""axis:125b5c61c2c0"",""bundle"":""bundle:7ff19ced776b"",""kind"":""media-point"",""stream"":""stream:a3da62e2eca7"",""tick"":""30""}],""bundle_identity"":""6185787834aff3f56f85bd18197ca684a9453c31a8ca5218eb623e37429aa110"",""status"":""anchored""},""status"":""located"",""support_relation"":""evidence-support""}"
