"unit","address","unit_presentation_seconds","destination","measure","channel","state","value_ieee754","scale","direction","normalization","processing","localization","decision_origin","chosen","candidate_coverage"
"m1:u0","workspace/recall-unit/3480df7007cb6dcab43d3f725cfd83820c3b42d523253166569b51940554a142/cfc5f59e180613d70b909f9a92819909a6da82bbaa4b00eda9907eeb1492e72c/006d0031003a00750030","{""semantics"":""declared-unit-presentation/v1"",""status"":""untimed""}","seg:wog:seg:ep1-river","NotSupplied","","","","","","","Complete","Located","StructuredDecode(authored-second-target)","false","Unknown(Omitted candidate probability is unknown)"
"m1:u0","workspace/recall-unit/3480df7007cb6dcab43d3f725cfd83820c3b42d523253166569b51940554a142/cfc5f59e180613d70b909f9a92819909a6da82bbaa4b00eda9907eeb1492e72c/006d0031003a00750030","{""semantics"":""declared-unit-presentation/v1"",""status"":""untimed""}","seg:wog:seg:ep2-expedition","NotSupplied","","","","","","","Complete","Located","StructuredDecode(authored-second-target)","false","Unknown(Omitted candidate probability is unknown)"
"m1:u0","workspace/recall-unit/3480df7007cb6dcab43d3f725cfd83820c3b42d523253166569b51940554a142/cfc5f59e180613d70b909f9a92819909a6da82bbaa4b00eda9907eeb1492e72c/006d0031003a00750030","{""semantics"":""declared-unit-presentation/v1"",""status"":""untimed""}","seg:wog:seg:ep3-return","NotSupplied","","","","","","","Complete","Located","StructuredDecode(authored-second-target)","false","Unknown(Omitted candidate probability is unknown)"
"m1:u0","workspace/recall-unit/3480df7007cb6dcab43d3f725cfd83820c3b42d523253166569b51940554a142/cfc5f59e180613d70b909f9a92819909a6da82bbaa4b00eda9907eeb1492e72c/006d0031003a00750030","{""semantics"":""declared-unit-presentation/v1"",""status"":""untimed""}","seg:wog:seg:sc1a-hunting","NotSupplied","","","","","","","Complete","Located","StructuredDecode(authored-second-target)","false","Unknown(Omitted candidate probability is unknown)"
"m1:u0","workspace/recall-unit/3480df7007cb6dcab43d3f725cfd83820c3b42d523253166569b51940554a142/cfc5f59e180613d70b909f9a92819909a6da82bbaa4b00eda9907eeb1492e72c/006d0031003a00750030","{""semantics"":""declared-unit-presentation/v1"",""status"":""untimed""}","seg:wog:seg:sc1b-war-cries","NotSupplied","","","","","","","Complete","Located","StructuredDecode(authored-second-target)","false","Unknown(Omitted candidate probability is unknown)"
"m1:u0","workspace/recall-unit/3480df7007cb6dcab43d3f725cfd83820c3b42d523253166569b51940554a142/cfc5f59e180613d70b909f9a92819909a6da82bbaa4b00eda9907eeb1492e72c/006d0031003a00750030","{""semantics"":""declared-unit-presentation/v1"",""status"":""untimed""}","seg:wog:seg:sc1c-canoe-arrives","NotSupplied","","","","","","","Complete","Located","StructuredDecode(authored-second-target)","false","Unknown(Omitted candidate probability is unknown)"
"m1:u0","workspace/recall-unit/3480df7007cb6dcab43d3f725cfd83820c3b42d523253166569b51940554a142/cfc5f59e180613d70b909f9a92819909a6da82bbaa4b00eda9907eeb1492e72c/006d0031003a00750030","{""semantics"":""declared-unit-presentation/v1"",""status"":""untimed""}","seg:wog:seg:sc2a-invitation","NotSupplied","","","","","","","Complete","Located","StructuredDecode(authored-second-target)","false","Unknown(Omitted candidate probability is unknown)"
"m1:u0","workspace/recall-unit/3480df7007cb6dcab43d3f725cfd83820c3b42d523253166569b51940554a142/cfc5f59e180613d70b909f9a92819909a6da82bbaa4b00eda9907eeb1492e72c/006d0031003a00750030","{""semantics"":""declared-unit-presentation/v1"",""status"":""untimed""}","seg:wog:seg:sc2b-parting","NotSupplied","","","","","","","Complete","Located","StructuredDecode(authored-second-target)","false","Unknown(Omitted candidate probability is unknown)"
"m1:u0","workspace/recall-unit/3480df7007cb6dcab43d3f725cfd83820c3b42d523253166569b51940554a142/cfc5f59e180613d70b909f9a92819909a6da82bbaa4b00eda9907eeb1492e72c/006d0031003a00750030","{""semantics"":""declared-unit-presentation/v1"",""status"":""untimed""}","seg:wog:seg:sc2c-journey-battle","NotSupplied","","","","","","","Complete","Located","StructuredDecode(authored-second-target)","false","Unknown(Omitted candidate probability is unknown)"
"m1:u0","workspace/recall-unit/3480df7007cb6dcab43d3f725cfd83820c3b42d523253166569b51940554a142/cfc5f59e180613d70b909f9a92819909a6da82bbaa4b00eda9907eeb1492e72c/006d0031003a00750030","{""semantics"":""declared-unit-presentation/v1"",""status"":""untimed""}","seg:wog:seg:sc3a-retreat","NotSupplied","","","","","","","Complete","Located","StructuredDecode(authored-second-target)","false","Unknown(Omitted candidate probability is unknown)"
"m1:u0","workspace/recall-unit/3480df7007cb6dcab43d3f725cfd83820c3b42d523253166569b51940554a142/cfc5f59e180613d70b909f9a92819909a6da82bbaa4b00eda9907eeb1492e72c/006d0031003a00750030","{""semantics"":""declared-unit-presentation/v1"",""status"":""untimed""}","seg:wog:seg:sc3b-recounting","NotSupplied","","","","","","","Complete","Located","StructuredDecode(authored-second-target)","false","Unknown(Omitted candidate probability is unknown)"
"m1:u0","workspace/recall-unit/3480df7007cb6dcab43d3f725cfd83820c3b42d523253166569b51940554a142/cfc5f59e180613d70b909f9a92819909a6da82bbaa4b00eda9907eeb1492e72c/006d0031003a00750030","{""semantics"":""declared-unit-presentation/v1"",""status"":""untimed""}","seg:wog:seg:sc3c-death","NotSupplied","","","","","","","Complete","Located","StructuredDecode(authored-second-target)","false","Unknown(Omitted candidate probability is unknown)"
"m1:u0","workspace/recall-unit/3480df7007cb6dcab43d3f725cfd83820c3b42d523253166569b51940554a142/cfc5f59e180613d70b909f9a92819909a6da82bbaa4b00eda9907eeb1492e72c/006d0031003a00750030","{""semantics"":""declared-unit-presentation/v1"",""status"":""untimed""}","seg:wog:seg:story","NotSupplied","","","","","","","Complete","Located","StructuredDecode(authored-second-target)","false","Unknown(Omitted candidate probability is unknown)"
"m1:u0","workspace/recall-unit/3480df7007cb6dcab43d3f725cfd83820c3b42d523253166569b51940554a142/cfc5f59e180613d70b909f9a92819909a6da82bbaa4b00eda9907eeb1492e72c/006d0031003a00750030","{""semantics"":""declared-unit-presentation/v1"",""status"":""untimed""}","sit:wog:sit:accompanied-ghosts","NotSupplied","","","","","","","Complete","Located","StructuredDecode(authored-second-target)","false","Unknown(Omitted candidate probability is unknown)"
"m1:u0","workspace/recall-unit/3480df7007cb6dcab43d3f725cfd83820c3b42d523253166569b51940554a142/cfc5f59e180613d70b909f9a92819909a6da82bbaa4b00eda9907eeb1492e72c/006d0031003a00750030","{""semantics"":""declared-unit-presentation/v1"",""status"":""untimed""}","sit:wog:sit:announced-war","NotSupplied","","","","","","","Complete","Located","StructuredDecode(authored-second-target)","false","Unknown(Omitted candidate probability is unknown)"
"m1:u0","workspace/recall-unit/3480df7007cb6dcab43d3f725cfd83820c3b42d523253166569b51940554a142/cfc5f59e180613d70b909f9a92819909a6da82bbaa4b00eda9907eeb1492e72c/006d0031003a00750030","{""semantics"":""declared-unit-presentation/v1"",""status"":""untimed""}","sit:wog:sit:arrive-egulac","NotSupplied","","","","","","","Complete","Located","StructuredDecode(authored-second-target)","false","Unknown(Omitted candidate probability is unknown)"
"m1:u0","workspace/recall-unit/3480df7007cb6dcab43d3f725cfd83820c3b42d523253166569b51940554a142/cfc5f59e180613d70b909f9a92819909a6da82bbaa4b00eda9907eeb1492e72c/006d0031003a00750030","{""semantics"":""declared-unit-presentation/v1"",""status"":""untimed""}","sit:wog:sit:arrive-kalama","NotSupplied","","","","","","","Complete","Located","StructuredDecode(authored-second-target)","false","Unknown(Omitted candidate probability is unknown)"
"m1:u0","workspace/recall-unit/3480df7007cb6dcab43d3f725cfd83820c3b42d523253166569b51940554a142/cfc5f59e180613d70b909f9a92819909a6da82bbaa4b00eda9907eeb1492e72c/006d0031003a00750030","{""semantics"":""declared-unit-presentation/v1"",""status"":""untimed""}","sit:wog:sit:arrows-in-canoe","NotSupplied","","","","","","","Complete","Located","StructuredDecode(authored-second-target)","false","Unknown(Omitted candidate probability is unknown)"
"m1:u0","workspace/recall-unit/3480df7007cb6dcab43d3f725cfd83820c3b42d523253166569b51940554a142/cfc5f59e180613d70b909f9a92819909a6da82bbaa4b00eda9907eeb1492e72c/006d0031003a00750030","{""semantics"":""declared-unit-presentation/v1"",""status"":""untimed""}","sit:wog:sit:battle","NotSupplied","","","","","","","Complete","Located","StructuredDecode(authored-second-target)","false","Unknown(Omitted candidate probability is unknown)"
"m1:u0","workspace/recall-unit/3480df7007cb6dcab43d3f725cfd83820c3b42d523253166569b51940554a142/cfc5f59e180613d70b909f9a92819909a6da82bbaa4b00eda9907eeb1492e72c/006d0031003a00750030","{""semantics"":""declared-unit-presentation/v1"",""status"":""untimed""}","sit:wog:sit:becomes-quiet","NotSupplied","","","","","","","Complete","Located","StructuredDecode(authored-second-target)","false","Unknown(Omitted candidate probability is unknown)"
"m1:u0","workspace/recall-unit/3480df7007cb6dcab43d3f725cfd83820c3b42d523253166569b51940554a142/cfc5f59e180613d70b909f9a92819909a6da82bbaa4b00eda9907eeb1492e72c/006d0031003a00750030","{""semantics"":""declared-unit-presentation/v1"",""status"":""untimed""}","sit:wog:sit:black-from-mouth","NotSupplied","","","","","","","Complete","Located","StructuredDecode(authored-second-target)","false","Unknown(Omitted candidate probability is unknown)"
"m1:u0","workspace/recall-unit/3480df7007cb6dcab43d3f725cfd83820c3b42d523253166569b51940554a142/cfc5f59e180613d70b909f9a92819909a6da82bbaa4b00eda9907eeb1492e72c/006d0031003a00750030","{""semantics"":""declared-unit-presentation/v1"",""status"":""untimed""}","sit:wog:sit:blood-from-anus","NotSupplied","","","","","","","Complete","Located","StructuredDecode(authored-second-target)","false","Unknown(Omitted candidate probability is unknown)"
"m1:u0","workspace/recall-unit/3480df7007cb6dcab43d3f725cfd83820c3b42d523253166569b51940554a142/cfc5f59e180613d70b909f9a92819909a6da82bbaa4b00eda9907eeb1492e72c/006d0031003a00750030","{""semantics"":""declared-unit-presentation/v1"",""status"":""untimed""}","sit:wog:sit:canoe-lands","NotSupplied","","","","","","","Complete","Located","StructuredDecode(authored-second-target)","false","Unknown(Omitted candidate probability is unknown)"
"m1:u0","workspace/recall-unit/3480df7007cb6dcab43d3f725cfd83820c3b42d523253166569b51940554a142/cfc5f59e180613d70b909f9a92819909a6da82bbaa4b00eda9907eeb1492e72c/006d0031003a00750030","{""semantics"":""declared-unit-presentation/v1"",""status"":""untimed""}","sit:wog:sit:canoes-come-up","NotSupplied","","","","","","","Complete","Located","StructuredDecode(authored-second-target)","false","Unknown(Omitted candidate probability is unknown)"
"m1:u0","workspace/recall-unit/3480df7007cb6dcab43d3f725cfd83820c3b42d523253166569b51940554a142/cfc5f59e180613d70b909f9a92819909a6da82bbaa4b00eda9907eeb1492e72c/006d0031003a00750030","{""semantics"":""declared-unit-presentation/v1"",""status"":""untimed""}","sit:wog:sit:carry-into-canoe","NotSupplied","","","","","","","Complete","Located","StructuredDecode(authored-second-target)","false","Unknown(Omitted candidate probability is unknown)"
"m1:u0","workspace/recall-unit/3480df7007cb6dcab43d3f725cfd83820c3b42d523253166569b51940554a142/cfc5f59e180613d70b909f9a92819909a6da82bbaa4b00eda9907eeb1492e72c/006d0031003a00750030","{""semantics"":""declared-unit-presentation/v1"",""status"":""untimed""}","sit:wog:sit:dead","NotSupplied","","","","","","","Complete","Located","StructuredDecode(authored-second-target)","false","Unknown(Omitted candidate probability is unknown)"
"m1:u0","workspace/recall-unit/3480df7007cb6dcab43d3f725cfd83820c3b42d523253166569b51940554a142/cfc5f59e180613d70b909f9a92819909a6da82bbaa4b00eda9907eeb1492e72c/006d0031003a00750030","{""semantics"":""declared-unit-presentation/v1"",""status"":""untimed""}","sit:wog:sit:down-river","NotSupplied","","","","","","","Complete","Located","StructuredDecode(authored-second-target)","false","Unknown(Omitted candidate probability is unknown)"
"m1:u0","workspace/recall-unit/3480df7007cb6dcab43d3f725cfd83820c3b42d523253166569b51940554a142/cfc5f59e180613d70b909f9a92819909a6da82bbaa4b00eda9907eeb1492e72c/006d0031003a00750030","{""semantics"":""declared-unit-presentation/v1"",""status"":""untimed""}","sit:wog:sit:enemy-come-to-water","NotSupplied","","","","","","","Complete","Located","StructuredDecode(authored-second-target)","false","Unknown(Omitted candidate probability is unknown)"
"m1:u0","workspace/recall-unit/3480df7007cb6dcab43d3f725cfd83820c3b42d523253166569b51940554a142/cfc5f59e180613d70b909f9a92819909a6da82bbaa4b00eda9907eeb1492e72c/006d0031003a00750030","{""semantics"":""declared-unit-presentation/v1"",""status"":""untimed""}","sit:wog:sit:face-contorted","NotSupplied","","","","","","","Complete","Located","StructuredDecode(authored-second-target)","false","Unknown(Omitted candidate probability is unknown)"
"m1:u0","workspace/recall-unit/3480df7007cb6dcab43d3f725cfd83820c3b42d523253166569b51940554a142/cfc5f59e180613d70b909f9a92819909a6da82bbaa4b00eda9907eeb1492e72c/006d0031003a00750030","{""semantics"":""declared-unit-presentation/v1"",""status"":""untimed""}","sit:wog:sit:falls-down","NotSupplied","","","","","","","Complete","Located","StructuredDecode(authored-second-target)","false","Unknown(Omitted candidate probability is unknown)"
"m1:u0","workspace/recall-unit/3480df7007cb6dcab43d3f725cfd83820c3b42d523253166569b51940554a142/cfc5f59e180613d70b909f9a92819909a6da82bbaa4b00eda9907eeb1492e72c/006d0031003a00750030","{""semantics"":""declared-unit-presentation/v1"",""status"":""untimed""}","sit:wog:sit:fellow-shot","NotSupplied","","","","","","","Complete","Located","StructuredDecode(authored-second-target)","false","Unknown(Omitted candidate probability is unknown)"
"m1:u0","workspace/recall-unit/3480df7007cb6dcab43d3f725cfd83820c3b42d523253166569b51940554a142/cfc5f59e180613d70b909f9a92819909a6da82bbaa4b00eda9907eeb1492e72c/006d0031003a00750030","{""semantics"":""declared-unit-presentation/v1"",""status"":""untimed""}","sit:wog:sit:five-men-in-canoe","NotSupplied","","","","","","","Complete","Located","StructuredDecode(authored-second-target)","false","Unknown(Omitted candidate probability is unknown)"
"m1:u0","workspace/recall-unit/3480df7007cb6dcab43d3f725cfd83820c3b42d523253166569b51940554a142/cfc5f59e180613d70b909f9a92819909a6da82bbaa4b00eda9907eeb1492e72c/006d0031003a00750030","{""semantics"":""declared-unit-presentation/v1"",""status"":""untimed""}","sit:wog:sit:fog-calm","NotSupplied","","","","","","","Complete","Located","StructuredDecode(authored-second-target)","false","Unknown(Omitted candidate probability is unknown)"
"m1:u0","workspace/recall-unit/3480df7007cb6dcab43d3f725cfd83820c3b42d523253166569b51940554a142/cfc5f59e180613d70b909f9a92819909a6da82bbaa4b00eda9907eeb1492e72c/006d0031003a00750030","{""semantics"":""declared-unit-presentation/v1"",""status"":""untimed""}","sit:wog:sit:hear-paddles","NotSupplied","","","","","","","Complete","Located","StructuredDecode(authored-second-target)","false","Unknown(Omitted candidate probability is unknown)"
"m1:u0","workspace/recall-unit/3480df7007cb6dcab43d3f725cfd83820c3b42d523253166569b51940554a142/cfc5f59e180613d70b909f9a92819909a6da82bbaa4b00eda9907eeb1492e72c/006d0031003a00750030","{""semantics"":""declared-unit-presentation/v1"",""status"":""untimed""}","sit:wog:sit:hear-war-cries","RawScore","authored","","0x3fe999999999999a","synthetic arbitrary units","HigherIsBetter","not-normalized","Complete","Located","StructuredDecode(authored-second-target)","true","Unknown(Omitted candidate probability is unknown)"
"m1:u0","workspace/recall-unit/3480df7007cb6dcab43d3f725cfd83820c3b42d523253166569b51940554a142/cfc5f59e180613d70b909f9a92819909a6da82bbaa4b00eda9907eeb1492e72c/006d0031003a00750030","{""semantics"":""declared-unit-presentation/v1"",""status"":""untimed""}","sit:wog:sit:hear-war-cries","NormalizedScoreMass","","","0x3fe3333333333333","normalized-score-mass","","{""prior"":""authored-fixture-mass"",""temperature"":""0x3ff0000000000000"",""universe"":""61b0072fa9ba0ccc8ed94063e742ccc86760d597d32fa75fb81984ecabe3ecdb""}","Complete","Located","StructuredDecode(authored-second-target)","true","Unknown(Omitted candidate probability is unknown)"
"m1:u0","workspace/recall-unit/3480df7007cb6dcab43d3f725cfd83820c3b42d523253166569b51940554a142/cfc5f59e180613d70b909f9a92819909a6da82bbaa4b00eda9907eeb1492e72c/006d0031003a00750030","{""semantics"":""declared-unit-presentation/v1"",""status"":""untimed""}","sit:wog:sit:hide","NotSupplied","","","","","","","Complete","Located","StructuredDecode(authored-second-target)","false","Unknown(Omitted candidate probability is unknown)"
"m1:u0","workspace/recall-unit/3480df7007cb6dcab43d3f725cfd83820c3b42d523253166569b51940554a142/cfc5f59e180613d70b909f9a92819909a6da82bbaa4b00eda9907eeb1492e72c/006d0031003a00750030","{""semantics"":""declared-unit-presentation/v1"",""status"":""untimed""}","sit:wog:sit:hunt-seals","RawScore","authored","","0x3fb999999999999a","synthetic arbitrary units","HigherIsBetter","not-normalized","Complete","Located","StructuredDecode(authored-second-target)","false","Unknown(Omitted candidate probability is unknown)"
"m1:u0","workspace/recall-unit/3480df7007cb6dcab43d3f725cfd83820c3b42d523253166569b51940554a142/cfc5f59e180613d70b909f9a92819909a6da82bbaa4b00eda9907eeb1492e72c/006d0031003a00750030","{""semantics"":""declared-unit-presentation/v1"",""status"":""untimed""}","sit:wog:sit:hunt-seals","NormalizedScoreMass","","","0x3fb999999999999a","normalized-score-mass","","{""prior"":""authored-fixture-mass"",""temperature"":""0x3ff0000000000000"",""universe"":""61b0072fa9ba0ccc8ed94063e742ccc86760d597d32fa75fb81984ecabe3ecdb""}","Complete","Located","StructuredDecode(authored-second-target)","false","Unknown(Omitted candidate probability is unknown)"
"m1:u0","workspace/recall-unit/3480df7007cb6dcab43d3f725cfd83820c3b42d523253166569b51940554a142/cfc5f59e180613d70b909f9a92819909a6da82bbaa4b00eda9907eeb1492e72c/006d0031003a00750030","{""semantics"":""declared-unit-presentation/v1"",""status"":""untimed""}","sit:wog:sit:i-did-not-feel-sick","NotSupplied","","","","","","","Complete","Located","StructuredDecode(authored-second-target)","false","Unknown(Omitted candidate probability is unknown)"
"m1:u0","workspace/recall-unit/3480df7007cb6dcab43d3f725cfd83820c3b42d523253166569b51940554a142/cfc5f59e180613d70b909f9a92819909a6da82bbaa4b00eda9907eeb1492e72c/006d0031003a00750030","{""semantics"":""declared-unit-presentation/v1"",""status"":""untimed""}","sit:wog:sit:i-was-shot","NotSupplied","","","","","","","Complete","Located","StructuredDecode(authored-second-target)","false","Unknown(Omitted candidate probability is unknown)"
"m1:u0","workspace/recall-unit/3480df7007cb6dcab43d3f725cfd83820c3b42d523253166569b51940554a142/cfc5f59e180613d70b909f9a92819909a6da82bbaa4b00eda9907eeb1492e72c/006d0031003a00750030","{""semantics"":""declared-unit-presentation/v1"",""status"":""untimed""}","sit:wog:sit:lack-arrows","NotSupplied","","","","","","","Complete","Located","StructuredDecode(authored-second-target)","false","Unknown(Omitted candidate probability is unknown)"
"m1:u0","workspace/recall-unit/3480df7007cb6dcab43d3f725cfd83820c3b42d523253166569b51940554a142/cfc5f59e180613d70b909f9a92819909a6da82bbaa4b00eda9907eeb1492e72c/006d0031003a00750030","{""semantics"":""declared-unit-presentation/v1"",""status"":""untimed""}","sit:wog:sit:let-us-go-home","NotSupplied","","","","","","","Complete","Located","StructuredDecode(authored-second-target)","false","Unknown(Omitted candidate probability is unknown)"
"m1:u0","workspace/recall-unit/3480df7007cb6dcab43d3f725cfd83820c3b42d523253166569b51940554a142/cfc5f59e180613d70b909f9a92819909a6da82bbaa4b00eda9907eeb1492e72c/006d0031003a00750030","{""semantics"":""declared-unit-presentation/v1"",""status"":""untimed""}","sit:wog:sit:make-fire","NotSupplied","","","","","","","Complete","Located","StructuredDecode(authored-second-target)","false","Unknown(Omitted candidate probability is unknown)"
"m1:u0","workspace/recall-unit/3480df7007cb6dcab43d3f725cfd83820c3b42d523253166569b51940554a142/cfc5f59e180613d70b909f9a92819909a6da82bbaa4b00eda9907eeb1492e72c/006d0031003a00750030","{""semantics"":""declared-unit-presentation/v1"",""status"":""untimed""}","sit:wog:sit:many-enemy-killed","NotSupplied","","","","","","","Complete","Located","StructuredDecode(authored-second-target)","false","Unknown(Omitted candidate probability is unknown)"
"m1:u0","workspace/recall-unit/3480df7007cb6dcab43d3f725cfd83820c3b42d523253166569b51940554a142/cfc5f59e180613d70b909f9a92819909a6da82bbaa4b00eda9907eeb1492e72c/006d0031003a00750030","{""semantics"":""declared-unit-presentation/v1"",""status"":""untimed""}","sit:wog:sit:many-fellows-killed","NotSupplied","","","","","","","Complete","Located","StructuredDecode(authored-second-target)","false","Unknown(Omitted candidate probability is unknown)"
"m1:u0","workspace/recall-unit/3480df7007cb6dcab43d3f725cfd83820c3b42d523253166569b51940554a142/cfc5f59e180613d70b909f9a92819909a6da82bbaa4b00eda9907eeb1492e72c/006d0031003a00750030","{""semantics"":""declared-unit-presentation/v1"",""status"":""untimed""}","sit:wog:sit:might-be-killed","NotSupplied","","","","","","","Complete","Located","StructuredDecode(authored-second-target)","false","Unknown(Omitted candidate probability is unknown)"
"m1:u0","workspace/recall-unit/3480df7007cb6dcab43d3f725cfd83820c3b42d523253166569b51940554a142/cfc5f59e180613d70b909f9a92819909a6da82bbaa4b00eda9907eeb1492e72c/006d0031003a00750030","{""semantics"":""declared-unit-presentation/v1"",""status"":""untimed""}","sit:wog:sit:nearly-daylight","NotSupplied","","","","","","","Complete","Located","StructuredDecode(authored-second-target)","false","Unknown(Omitted candidate probability is unknown)"
"m1:u0","workspace/recall-unit/3480df7007cb6dcab43d3f725cfd83820c3b42d523253166569b51940554a142/cfc5f59e180613d70b909f9a92819909a6da82bbaa4b00eda9907eeb1492e72c/006d0031003a00750030","{""semantics"":""declared-unit-presentation/v1"",""status"":""untimed""}","sit:wog:sit:not-feel-sick","NotSupplied","","","","","","","Complete","Located","StructuredDecode(authored-second-target)","false","Unknown(Omitted candidate probability is unknown)"
"m1:u0","workspace/recall-unit/3480df7007cb6dcab43d3f725cfd83820c3b42d523253166569b51940554a142/cfc5f59e180613d70b909f9a92819909a6da82bbaa4b00eda9907eeb1492e72c/006d0031003a00750030","{""semantics"":""declared-unit-presentation/v1"",""status"":""untimed""}","sit:wog:sit:not-go-along","NotSupplied","","","","","","","Complete","Located","StructuredDecode(authored-second-target)","false","Unknown(Omitted candidate probability is unknown)"
"m1:u0","workspace/recall-unit/3480df7007cb6dcab43d3f725cfd83820c3b42d523253166569b51940554a142/cfc5f59e180613d70b909f9a92819909a6da82bbaa4b00eda9907eeb1492e72c/006d0031003a00750030","{""semantics"":""declared-unit-presentation/v1"",""status"":""untimed""}","sit:wog:sit:people-at-egulac","NotSupplied","","","","","","","Complete","Located","StructuredDecode(authored-second-target)","false","Unknown(Omitted candidate probability is unknown)"
"m1:u0","workspace/recall-unit/3480df7007cb6dcab43d3f725cfd83820c3b42d523253166569b51940554a142/cfc5f59e180613d70b909f9a92819909a6da82bbaa4b00eda9907eeb1492e72c/006d0031003a00750030","{""semantics"":""declared-unit-presentation/v1"",""status"":""untimed""}","sit:wog:sit:people-cry","NotSupplied","","","","","","","Complete","Located","StructuredDecode(authored-second-target)","false","Unknown(Omitted candidate probability is unknown)"
"m1:u0","workspace/recall-unit/3480df7007cb6dcab43d3f725cfd83820c3b42d523253166569b51940554a142/cfc5f59e180613d70b909f9a92819909a6da82bbaa4b00eda9907eeb1492e72c/006d0031003a00750030","{""semantics"":""declared-unit-presentation/v1"",""status"":""untimed""}","sit:wog:sit:recounting","NotSupplied","","","","","","","Complete","Located","StructuredDecode(authored-second-target)","false","Unknown(Omitted candidate probability is unknown)"
"m1:u0","workspace/recall-unit/3480df7007cb6dcab43d3f725cfd83820c3b42d523253166569b51940554a142/cfc5f59e180613d70b909f9a92819909a6da82bbaa4b00eda9907eeb1492e72c/006d0031003a00750030","{""semantics"":""declared-unit-presentation/v1"",""status"":""untimed""}","sit:wog:sit:relative-left-me","NotSupplied","","","","","","","Complete","Located","StructuredDecode(authored-second-target)","false","Unknown(Omitted candidate probability is unknown)"
"m1:u0","workspace/recall-unit/3480df7007cb6dcab43d3f725cfd83820c3b42d523253166569b51940554a142/cfc5f59e180613d70b909f9a92819909a6da82bbaa4b00eda9907eeb1492e72c/006d0031003a00750030","{""semantics"":""declared-unit-presentation/v1"",""status"":""untimed""}","sit:wog:sit:relatives-not-know","NotSupplied","","","","","","","Complete","Located","StructuredDecode(authored-second-target)","false","Unknown(Omitted candidate probability is unknown)"
"m1:u0","workspace/recall-unit/3480df7007cb6dcab43d3f725cfd83820c3b42d523253166569b51940554a142/cfc5f59e180613d70b909f9a92819909a6da82bbaa4b00eda9907eeb1492e72c/006d0031003a00750030","{""semantics"":""declared-unit-presentation/v1"",""status"":""untimed""}","sit:wog:sit:reported-shot","NotSupplied","","","","","","","Complete","Located","StructuredDecode(authored-second-target)","false","Unknown(Omitted candidate probability is unknown)"
"m1:u0","workspace/recall-unit/3480df7007cb6dcab43d3f725cfd83820c3b42d523253166569b51940554a142/cfc5f59e180613d70b909f9a92819909a6da82bbaa4b00eda9907eeb1492e72c/006d0031003a00750030","{""semantics"":""declared-unit-presentation/v1"",""status"":""untimed""}","sit:wog:sit:see-canoe","NotSupplied","","","","","","","Complete","Located","StructuredDecode(authored-second-target)","false","Unknown(Omitted candidate probability is unknown)"
"m1:u0","workspace/recall-unit/3480df7007cb6dcab43d3f725cfd83820c3b42d523253166569b51940554a142/cfc5f59e180613d70b909f9a92819909a6da82bbaa4b00eda9907eeb1492e72c/006d0031003a00750030","{""semantics"":""declared-unit-presentation/v1"",""status"":""untimed""}","sit:wog:sit:sun-rises","NotSupplied","","","","","","","Complete","Located","StructuredDecode(authored-second-target)","false","Unknown(Omitted candidate probability is unknown)"
"m1:u0","workspace/recall-unit/3480df7007cb6dcab43d3f725cfd83820c3b42d523253166569b51940554a142/cfc5f59e180613d70b909f9a92819909a6da82bbaa4b00eda9907eeb1492e72c/006d0031003a00750030","{""semantics"":""declared-unit-presentation/v1"",""status"":""untimed""}","sit:wog:sit:talk-in-canoe","NotSupplied","","","","","","","Complete","Located","StructuredDecode(authored-second-target)","false","Unknown(Omitted candidate probability is unknown)"
"m1:u0","workspace/recall-unit/3480df7007cb6dcab43d3f725cfd83820c3b42d523253166569b51940554a142/cfc5f59e180613d70b909f9a92819909a6da82bbaa4b00eda9907eeb1492e72c/006d0031003a00750030","{""semantics"":""declared-unit-presentation/v1"",""status"":""untimed""}","sit:wog:sit:they-said-shot","NotSupplied","","","","","","","Complete","Located","StructuredDecode(authored-second-target)","false","Unknown(Omitted candidate probability is unknown)"
"m1:u0","workspace/recall-unit/3480df7007cb6dcab43d3f725cfd83820c3b42d523253166569b51940554a142/cfc5f59e180613d70b909f9a92819909a6da82bbaa4b00eda9907eeb1492e72c/006d0031003a00750030","{""semantics"":""declared-unit-presentation/v1"",""status"":""untimed""}","sit:wog:sit:think-war-party","NotSupplied","","","","","","","Complete","Located","StructuredDecode(authored-second-target)","false","Unknown(Omitted candidate probability is unknown)"
"m1:u0","workspace/recall-unit/3480df7007cb6dcab43d3f725cfd83820c3b42d523253166569b51940554a142/cfc5f59e180613d70b909f9a92819909a6da82bbaa4b00eda9907eeb1492e72c/006d0031003a00750030","{""semantics"":""declared-unit-presentation/v1"",""status"":""untimed""}","sit:wog:sit:war-party-present","NotSupplied","","","","","","","Complete","Located","StructuredDecode(authored-second-target)","false","Unknown(Omitted candidate probability is unknown)"
"m1:u0","workspace/recall-unit/3480df7007cb6dcab43d3f725cfd83820c3b42d523253166569b51940554a142/cfc5f59e180613d70b909f9a92819909a6da82bbaa4b00eda9907eeb1492e72c/006d0031003a00750030","{""semantics"":""declared-unit-presentation/v1"",""status"":""untimed""}","sit:wog:sit:warriors-are-ghosts","NotSupplied","","","","","","","Complete","Located","StructuredDecode(authored-second-target)","false","Unknown(Omitted candidate probability is unknown)"
"m1:u0","workspace/recall-unit/3480df7007cb6dcab43d3f725cfd83820c3b42d523253166569b51940554a142/cfc5f59e180613d70b909f9a92819909a6da82bbaa4b00eda9907eeb1492e72c/006d0031003a00750030","{""semantics"":""declared-unit-presentation/v1"",""status"":""untimed""}","sit:wog:sit:warriors-are-people","NotSupplied","","","","","","","Complete","Located","StructuredDecode(authored-second-target)","false","Unknown(Omitted candidate probability is unknown)"
"m1:u0","workspace/recall-unit/3480df7007cb6dcab43d3f725cfd83820c3b42d523253166569b51940554a142/cfc5f59e180613d70b909f9a92819909a6da82bbaa4b00eda9907eeb1492e72c/006d0031003a00750030","{""semantics"":""declared-unit-presentation/v1"",""status"":""untimed""}","sit:wog:sit:warriors-down-river","NotSupplied","","","","","","","Complete","Located","StructuredDecode(authored-second-target)","false","Unknown(Omitted candidate probability is unknown)"
"m1:u0","workspace/recall-unit/3480df7007cb6dcab43d3f725cfd83820c3b42d523253166569b51940554a142/cfc5f59e180613d70b909f9a92819909a6da82bbaa4b00eda9907eeb1492e72c/006d0031003a00750030","{""semantics"":""declared-unit-presentation/v1"",""status"":""untimed""}","sit:wog:sit:warriors-go","NotSupplied","","","","","","","Complete","Located","StructuredDecode(authored-second-target)","false","Unknown(Omitted candidate probability is unknown)"
"m1:u0","workspace/recall-unit/3480df7007cb6dcab43d3f725cfd83820c3b42d523253166569b51940554a142/cfc5f59e180613d70b909f9a92819909a6da82bbaa4b00eda9907eeb1492e72c/006d0031003a00750030","{""semantics"":""declared-unit-presentation/v1"",""status"":""untimed""}","sit:wog:sit:warriors-go-home","NotSupplied","","","","","","","Complete","Located","StructuredDecode(authored-second-target)","false","Unknown(Omitted candidate probability is unknown)"
"m1:u0","workspace/recall-unit/3480df7007cb6dcab43d3f725cfd83820c3b42d523253166569b51940554a142/cfc5f59e180613d70b909f9a92819909a6da82bbaa4b00eda9907eeb1492e72c/006d0031003a00750030","{""semantics"":""declared-unit-presentation/v1"",""status"":""untimed""}","sit:wog:sit:warriors-say-arrows","NotSupplied","","","","","","","Complete","Located","StructuredDecode(authored-second-target)","false","Unknown(Omitted candidate probability is unknown)"
"m1:u0","workspace/recall-unit/3480df7007cb6dcab43d3f725cfd83820c3b42d523253166569b51940554a142/cfc5f59e180613d70b909f9a92819909a6da82bbaa4b00eda9907eeb1492e72c/006d0031003a00750030","{""semantics"":""declared-unit-presentation/v1"",""status"":""untimed""}","sit:wog:sit:warriors-say-go-home","NotSupplied","","","","","","","Complete","Located","StructuredDecode(authored-second-target)","false","Unknown(Omitted candidate probability is unknown)"
"m1:u0","workspace/recall-unit/3480df7007cb6dcab43d3f725cfd83820c3b42d523253166569b51940554a142/cfc5f59e180613d70b909f9a92819909a6da82bbaa4b00eda9907eeb1492e72c/006d0031003a00750030","{""semantics"":""declared-unit-presentation/v1"",""status"":""untimed""}","sit:wog:sit:warriors-speak","NotSupplied","","","","","","","Complete","Located","StructuredDecode(authored-second-target)","false","Unknown(Omitted candidate probability is unknown)"
"m1:u0","workspace/recall-unit/3480df7007cb6dcab43d3f725cfd83820c3b42d523253166569b51940554a142/cfc5f59e180613d70b909f9a92819909a6da82bbaa4b00eda9907eeb1492e72c/006d0031003a00750030","{""semantics"":""declared-unit-presentation/v1"",""status"":""untimed""}","sit:wog:sit:we-fought","NotSupplied","","","","","","","Complete","Located","StructuredDecode(authored-second-target)","false","Unknown(Omitted candidate probability is unknown)"
"m1:u0","workspace/recall-unit/3480df7007cb6dcab43d3f725cfd83820c3b42d523253166569b51940554a142/cfc5f59e180613d70b909f9a92819909a6da82bbaa4b00eda9907eeb1492e72c/006d0031003a00750030","{""semantics"":""declared-unit-presentation/v1"",""status"":""untimed""}","sit:wog:sit:wish-take-along","NotSupplied","","","","","","","Complete","Located","StructuredDecode(authored-second-target)","false","Unknown(Omitted candidate probability is unknown)"
"m1:u0","workspace/recall-unit/3480df7007cb6dcab43d3f725cfd83820c3b42d523253166569b51940554a142/cfc5f59e180613d70b909f9a92819909a6da82bbaa4b00eda9907eeb1492e72c/006d0031003a00750030","{""semantics"":""declared-unit-presentation/v1"",""status"":""untimed""}","sit:wog:sit:ym1-declines","NotSupplied","","","","","","","Complete","Located","StructuredDecode(authored-second-target)","false","Unknown(Omitted candidate probability is unknown)"
"m1:u0","workspace/recall-unit/3480df7007cb6dcab43d3f725cfd83820c3b42d523253166569b51940554a142/cfc5f59e180613d70b909f9a92819909a6da82bbaa4b00eda9907eeb1492e72c/006d0031003a00750030","{""semantics"":""declared-unit-presentation/v1"",""status"":""untimed""}","sit:wog:sit:ym1-goes-home","NotSupplied","","","","","","","Complete","Located","StructuredDecode(authored-second-target)","false","Unknown(Omitted candidate probability is unknown)"
"m1:u0","workspace/recall-unit/3480df7007cb6dcab43d3f725cfd83820c3b42d523253166569b51940554a142/cfc5f59e180613d70b909f9a92819909a6da82bbaa4b00eda9907eeb1492e72c/006d0031003a00750030","{""semantics"":""declared-unit-presentation/v1"",""status"":""untimed""}","sit:wog:sit:ym1-reports","NotSupplied","","","","","","","Complete","Located","StructuredDecode(authored-second-target)","false","Unknown(Omitted candidate probability is unknown)"
"m1:u0","workspace/recall-unit/3480df7007cb6dcab43d3f725cfd83820c3b42d523253166569b51940554a142/cfc5f59e180613d70b909f9a92819909a6da82bbaa4b00eda9907eeb1492e72c/006d0031003a00750030","{""semantics"":""declared-unit-presentation/v1"",""status"":""untimed""}","sit:wog:sit:ym1-returns-midnight","NotSupplied","","","","","","","Complete","Located","StructuredDecode(authored-second-target)","false","Unknown(Omitted candidate probability is unknown)"
"m1:u0","workspace/recall-unit/3480df7007cb6dcab43d3f725cfd83820c3b42d523253166569b51940554a142/cfc5f59e180613d70b909f9a92819909a6da82bbaa4b00eda9907eeb1492e72c/006d0031003a00750030","{""semantics"":""declared-unit-presentation/v1"",""status"":""untimed""}","sit:wog:sit:ym1-says-no-arrows","NotSupplied","","","","","","","Complete","Located","StructuredDecode(authored-second-target)","false","Unknown(Omitted candidate probability is unknown)"
"m1:u0","workspace/recall-unit/3480df7007cb6dcab43d3f725cfd83820c3b42d523253166569b51940554a142/cfc5f59e180613d70b909f9a92819909a6da82bbaa4b00eda9907eeb1492e72c/006d0031003a00750030","{""semantics"":""declared-unit-presentation/v1"",""status"":""untimed""}","sit:wog:sit:ym2-accompanies","NotSupplied","","","","","","","Complete","Located","StructuredDecode(authored-second-target)","false","Unknown(Omitted candidate probability is unknown)"
"m1:u0","workspace/recall-unit/3480df7007cb6dcab43d3f725cfd83820c3b42d523253166569b51940554a142/cfc5f59e180613d70b909f9a92819909a6da82bbaa4b00eda9907eeb1492e72c/006d0031003a00750030","{""semantics"":""declared-unit-presentation/v1"",""status"":""untimed""}","sit:wog:sit:ym2-ashore","NotSupplied","","","","","","","Complete","Located","StructuredDecode(authored-second-target)","false","Unknown(Omitted candidate probability is unknown)"
"m1:u0","workspace/recall-unit/3480df7007cb6dcab43d3f725cfd83820c3b42d523253166569b51940554a142/cfc5f59e180613d70b909f9a92819909a6da82bbaa4b00eda9907eeb1492e72c/006d0031003a00750030","{""semantics"":""declared-unit-presentation/v1"",""status"":""untimed""}","sit:wog:sit:ym2-concludes-ghosts","NotSupplied","","","","","","","Complete","Located","StructuredDecode(authored-second-target)","false","Unknown(Omitted candidate probability is unknown)"
"m1:u0","workspace/recall-unit/3480df7007cb6dcab43d3f725cfd83820c3b42d523253166569b51940554a142/cfc5f59e180613d70b909f9a92819909a6da82bbaa4b00eda9907eeb1492e72c/006d0031003a00750030","{""semantics"":""declared-unit-presentation/v1"",""status"":""untimed""}","sit:wog:sit:ym2-enters-canoe","NotSupplied","","","","","","","Complete","Located","StructuredDecode(authored-second-target)","false","Unknown(Omitted candidate probability is unknown)"
"m1:u0","workspace/recall-unit/3480df7007cb6dcab43d3f725cfd83820c3b42d523253166569b51940554a142/cfc5f59e180613d70b909f9a92819909a6da82bbaa4b00eda9907eeb1492e72c/006d0031003a00750030","{""semantics"":""declared-unit-presentation/v1"",""status"":""untimed""}","sit:wog:sit:ym2-injured","NotSupplied","","","","","","","Complete","Located","StructuredDecode(authored-second-target)","false","Unknown(Omitted candidate probability is unknown)"
"m1:u0","workspace/recall-unit/3480df7007cb6dcab43d3f725cfd83820c3b42d523253166569b51940554a142/cfc5f59e180613d70b909f9a92819909a6da82bbaa4b00eda9907eeb1492e72c/006d0031003a00750030","{""semantics"":""declared-unit-presentation/v1"",""status"":""untimed""}","sit:wog:sit:ym2-thinks-people","NotSupplied","","","","","","","Complete","Located","StructuredDecode(authored-second-target)","false","Unknown(Omitted candidate probability is unknown)"
"m1:u0","workspace/recall-unit/3480df7007cb6dcab43d3f725cfd83820c3b42d523253166569b51940554a142/cfc5f59e180613d70b909f9a92819909a6da82bbaa4b00eda9907eeb1492e72c/006d0031003a00750030","{""semantics"":""declared-unit-presentation/v1"",""status"":""untimed""}","sit:wog:sit:ym2-to-house","NotSupplied","","","","","","","Complete","Located","StructuredDecode(authored-second-target)","false","Unknown(Omitted candidate probability is unknown)"
"m1:u0","workspace/recall-unit/3480df7007cb6dcab43d3f725cfd83820c3b42d523253166569b51940554a142/cfc5f59e180613d70b909f9a92819909a6da82bbaa4b00eda9907eeb1492e72c/006d0031003a00750030","{""semantics"":""declared-unit-presentation/v1"",""status"":""untimed""}","sit:wog:sit:ym2-went-with-warriors","NotSupplied","","","","","","","Complete","Located","StructuredDecode(authored-second-target)","false","Unknown(Omitted candidate probability is unknown)"
"m1:u0","workspace/recall-unit/3480df7007cb6dcab43d3f725cfd83820c3b42d523253166569b51940554a142/cfc5f59e180613d70b909f9a92819909a6da82bbaa4b00eda9907eeb1492e72c/006d0031003a00750030","{""semantics"":""declared-unit-presentation/v1"",""status"":""untimed""}","sit:wog:sit:you-may-go","NotSupplied","","","","","","","Complete","Located","StructuredDecode(authored-second-target)","false","Unknown(Omitted candidate probability is unknown)"
"m1:u0","workspace/recall-unit/3480df7007cb6dcab43d3f725cfd83820c3b42d523253166569b51940554a142/cfc5f59e180613d70b909f9a92819909a6da82bbaa4b00eda9907eeb1492e72c/006d0031003a00750030","{""semantics"":""declared-unit-presentation/v1"",""status"":""untimed""}","ext:Association","NotSupplied","","","","","","","Complete","Located","StructuredDecode(authored-second-target)","false","Unknown(Omitted candidate probability is unknown)"
"m1:u0","workspace/recall-unit/3480df7007cb6dcab43d3f725cfd83820c3b42d523253166569b51940554a142/cfc5f59e180613d70b909f9a92819909a6da82bbaa4b00eda9907eeb1492e72c/006d0031003a00750030","{""semantics"":""declared-unit-presentation/v1"",""status"":""untimed""}","ext:Intrusion","RawScore","authored","","0x3fb999999999999a","synthetic arbitrary units","HigherIsBetter","not-normalized","Complete","Located","StructuredDecode(authored-second-target)","false","Unknown(Omitted candidate probability is unknown)"
"m1:u0","workspace/recall-unit/3480df7007cb6dcab43d3f725cfd83820c3b42d523253166569b51940554a142/cfc5f59e180613d70b909f9a92819909a6da82bbaa4b00eda9907eeb1492e72c/006d0031003a00750030","{""semantics"":""declared-unit-presentation/v1"",""status"":""untimed""}","ext:Intrusion","NormalizedScoreMass","","","0x3fd3333333333333","normalized-score-mass","","{""prior"":""authored-fixture-mass"",""temperature"":""0x3ff0000000000000"",""universe"":""61b0072fa9ba0ccc8ed94063e742ccc86760d597d32fa75fb81984ecabe3ecdb""}","Complete","Located","StructuredDecode(authored-second-target)","false","Unknown(Omitted candidate probability is unknown)"
