"mapping_digest"	"unit"	"row_index"	"measure_kind"	"channel"	"destination"	"raw_value"	"normalization_scope"	"state"
"fbefffa5976b17d3b40601decf03f5082f8823f894c2141ebb2da9e89412eff4"	"m1:u0"	"0"	"NormalizedScoreMass"	"{""reason"":""not-supplied"",""status"":""absent""}"	"ext:Intrusion"	"0x3fe0000000000000"	"unit/supplied-destinations"	"{""reason"":""not-supplied"",""status"":""absent""}"
"fbefffa5976b17d3b40601decf03f5082f8823f894c2141ebb2da9e89412eff4"	"m1:u0"	"1"	"NormalizedScoreMass"	"{""reason"":""not-supplied"",""status"":""absent""}"	"sit:bell:sit:quiet"	"0x3fd0000000000000"	"unit/supplied-destinations"	"{""reason"":""not-supplied"",""status"":""absent""}"
"fbefffa5976b17d3b40601decf03f5082f8823f894c2141ebb2da9e89412eff4"	"m1:u0"	"2"	"NormalizedScoreMass"	"{""reason"":""not-supplied"",""status"":""absent""}"	"sit:bell:sit:ring"	"0x3fd0000000000000"	"unit/supplied-destinations"	"{""reason"":""not-supplied"",""status"":""absent""}"
"fbefffa5976b17d3b40601decf03f5082f8823f894c2141ebb2da9e89412eff4"	"m1:u0"	"3"	"RawScore"	"{""status"":""present"",""value"":""authored""}"	"ext:Intrusion"	"0x3fc999999999999a"	"not-normalized"	"{""reason"":""not-supplied"",""status"":""absent""}"
"fbefffa5976b17d3b40601decf03f5082f8823f894c2141ebb2da9e89412eff4"	"m1:u0"	"4"	"RawScore"	"{""status"":""present"",""value"":""authored""}"	"sit:bell:sit:quiet"	"0x3fd999999999999a"	"not-normalized"	"{""reason"":""not-supplied"",""status"":""absent""}"
"fbefffa5976b17d3b40601decf03f5082f8823f894c2141ebb2da9e89412eff4"	"m1:u0"	"5"	"RawScore"	"{""status"":""present"",""value"":""authored""}"	"sit:bell:sit:ring"	"0x3feccccccccccccd"	"not-normalized"	"{""reason"":""not-supplied"",""status"":""absent""}"
"fbefffa5976b17d3b40601decf03f5082f8823f894c2141ebb2da9e89412eff4"	"m1:u1"	"0"	"NormalizedScoreMass"	"{""reason"":""not-supplied"",""status"":""absent""}"	"ext:Intrusion"	"0x3fe0000000000000"	"unit/supplied-destinations"	"{""reason"":""not-supplied"",""status"":""absent""}"
"fbefffa5976b17d3b40601decf03f5082f8823f894c2141ebb2da9e89412eff4"	"m1:u1"	"1"	"NormalizedScoreMass"	"{""reason"":""not-supplied"",""status"":""absent""}"	"sit:bell:sit:quiet"	"0x3fd0000000000000"	"unit/supplied-destinations"	"{""reason"":""not-supplied"",""status"":""absent""}"
"fbefffa5976b17d3b40601decf03f5082f8823f894c2141ebb2da9e89412eff4"	"m1:u1"	"2"	"NormalizedScoreMass"	"{""reason"":""not-supplied"",""status"":""absent""}"	"sit:bell:sit:ring"	"0x3fd0000000000000"	"unit/supplied-destinations"	"{""reason"":""not-supplied"",""status"":""absent""}"
"fbefffa5976b17d3b40601decf03f5082f8823f894c2141ebb2da9e89412eff4"	"m1:u1"	"3"	"RawScore"	"{""status"":""present"",""value"":""authored""}"	"ext:Intrusion"	"0x3fc999999999999a"	"not-normalized"	"{""reason"":""not-supplied"",""status"":""absent""}"
"fbefffa5976b17d3b40601decf03f5082f8823f894c2141ebb2da9e89412eff4"	"m1:u1"	"4"	"RawScore"	"{""status"":""present"",""value"":""authored""}"	"sit:bell:sit:quiet"	"0x3fd999999999999a"	"not-normalized"	"{""reason"":""not-supplied"",""status"":""absent""}"
"fbefffa5976b17d3b40601decf03f5082f8823f894c2141ebb2da9e89412eff4"	"m1:u1"	"5"	"RawScore"	"{""status"":""present"",""value"":""authored""}"	"sit:bell:sit:ring"	"0x3feccccccccccccd"	"not-normalized"	"{""reason"":""not-supplied"",""status"":""absent""}"
"fbefffa5976b17d3b40601decf03f5082f8823f894c2141ebb2da9e89412eff4"	"m1:u2"	"0"	"NormalizedScoreMass"	"{""reason"":""not-supplied"",""status"":""absent""}"	"ext:Association"	"0x3ff0000000000000"	"unit/supplied-destinations"	"{""reason"":""not-supplied"",""status"":""absent""}"
"fbefffa5976b17d3b40601decf03f5082f8823f894c2141ebb2da9e89412eff4"	"m1:u2"	"1"	"RawScore"	"{""status"":""present"",""value"":""authored""}"	"ext:Association"	"0x3ff0000000000000"	"not-normalized"	"{""reason"":""not-supplied"",""status"":""absent""}"
