"mapping_digest"	"id"	"index"	"start"	"end_exclusive"	"membership"
"fbefffa5976b17d3b40601decf03f5082f8823f894c2141ebb2da9e89412eff4"	"f59d06662cdb161ba33b274e7d51ce362e78c02cb7f82c52061ee8069a4ab650:word:0"	"0"	"0"	"1"	"{""status"":""member"",""unit"":""m1:u0""}"
"fbefffa5976b17d3b40601decf03f5082f8823f894c2141ebb2da9e89412eff4"	"f59d06662cdb161ba33b274e7d51ce362e78c02cb7f82c52061ee8069a4ab650:word:1"	"1"	"2"	"6"	"{""status"":""member"",""unit"":""m1:u0""}"
"fbefffa5976b17d3b40601decf03f5082f8823f894c2141ebb2da9e89412eff4"	"f59d06662cdb161ba33b274e7d51ce362e78c02cb7f82c52061ee8069a4ab650:word:2"	"2"	"7"	"12"	"{""status"":""member"",""unit"":""m1:u0""}"
"fbefffa5976b17d3b40601decf03f5082f8823f894c2141ebb2da9e89412eff4"	"f59d06662cdb161ba33b274e7d51ce362e78c02cb7f82c52061ee8069a4ab650:word:3"	"3"	"13"	"17"	"{""reason"":""NotInAnyUnitSpan"",""status"":""unassigned""}"
"fbefffa5976b17d3b40601decf03f5082f8823f894c2141ebb2da9e89412eff4"	"f59d06662cdb161ba33b274e7d51ce362e78c02cb7f82c52061ee8069a4ab650:word:4"	"4"	"18"	"22"	"{""reason"":""NotInAnyUnitSpan"",""status"":""unassigned""}"
"fbefffa5976b17d3b40601decf03f5082f8823f894c2141ebb2da9e89412eff4"	"f59d06662cdb161ba33b274e7d51ce362e78c02cb7f82c52061ee8069a4ab650:word:5"	"5"	"23"	"25"	"{""reason"":""NotInAnyUnitSpan"",""status"":""unassigned""}"
"fbefffa5976b17d3b40601decf03f5082f8823f894c2141ebb2da9e89412eff4"	"f59d06662cdb161ba33b274e7d51ce362e78c02cb7f82c52061ee8069a4ab650:word:6"	"6"	"26"	"33"	"{""reason"":""NotInAnyUnitSpan"",""status"":""unassigned""}"
"fbefffa5976b17d3b40601decf03f5082f8823f894c2141ebb2da9e89412eff4"	"f59d06662cdb161ba33b274e7d51ce362e78c02cb7f82c52061ee8069a4ab650:word:7"	"7"	"34"	"37"	"{""reason"":""NotInAnyUnitSpan"",""status"":""unassigned""}"
"fbefffa5976b17d3b40601decf03f5082f8823f894c2141ebb2da9e89412eff4"	"f59d06662cdb161ba33b274e7d51ce362e78c02cb7f82c52061ee8069a4ab650:word:8"	"8"	"38"	"46"	"{""reason"":""NotInAnyUnitSpan"",""status"":""unassigned""}"
"fbefffa5976b17d3b40601decf03f5082f8823f894c2141ebb2da9e89412eff4"	"f59d06662cdb161ba33b274e7d51ce362e78c02cb7f82c52061ee8069a4ab650:word:9"	"9"	"47"	"56"	"{""reason"":""NotInAnyUnitSpan"",""status"":""unassigned""}"
"fbefffa5976b17d3b40601decf03f5082f8823f894c2141ebb2da9e89412eff4"	"f59d06662cdb161ba33b274e7d51ce362e78c02cb7f82c52061ee8069a4ab650:word:10"	"10"	"57"	"59"	"{""status"":""member"",""unit"":""m1:u0""}"
"fbefffa5976b17d3b40601decf03f5082f8823f894c2141ebb2da9e89412eff4"	"f59d06662cdb161ba33b274e7d51ce362e78c02cb7f82c52061ee8069a4ab650:word:11"	"11"	"60"	"64"	"{""status"":""member"",""unit"":""m1:u0""}"
"fbefffa5976b17d3b40601decf03f5082f8823f894c2141ebb2da9e89412eff4"	"f59d06662cdb161ba33b274e7d51ce362e78c02cb7f82c52061ee8069a4ab650:word:12"	"12"	"65"	"71"	"{""status"":""member"",""unit"":""m1:u0""}"
"fbefffa5976b17d3b40601decf03f5082f8823f894c2141ebb2da9e89412eff4"	"f59d06662cdb161ba33b274e7d51ce362e78c02cb7f82c52061ee8069a4ab650:word:13"	"13"	"72"	"73"	"{""status"":""member"",""unit"":""m1:u1""}"
"fbefffa5976b17d3b40601decf03f5082f8823f894c2141ebb2da9e89412eff4"	"f59d06662cdb161ba33b274e7d51ce362e78c02cb7f82c52061ee8069a4ab650:word:14"	"14"	"74"	"79"	"{""status"":""member"",""unit"":""m1:u1""}"
"fbefffa5976b17d3b40601decf03f5082f8823f894c2141ebb2da9e89412eff4"	"f59d06662cdb161ba33b274e7d51ce362e78c02cb7f82c52061ee8069a4ab650:word:15"	"15"	"80"	"82"	"{""status"":""member"",""unit"":""m1:u1""}"
"fbefffa5976b17d3b40601decf03f5082f8823f894c2141ebb2da9e89412eff4"	"f59d06662cdb161ba33b274e7d51ce362e78c02cb7f82c52061ee8069a4ab650:word:16"	"16"	"83"	"89"	"{""status"":""member"",""unit"":""m1:u1""}"
"fbefffa5976b17d3b40601decf03f5082f8823f894c2141ebb2da9e89412eff4"	"f59d06662cdb161ba33b274e7d51ce362e78c02cb7f82c52061ee8069a4ab650:word:17"	"17"	"90"	"91"	"{""status"":""member"",""unit"":""m1:u2""}"
"fbefffa5976b17d3b40601decf03f5082f8823f894c2141ebb2da9e89412eff4"	"f59d06662cdb161ba33b274e7d51ce362e78c02cb7f82c52061ee8069a4ab650:word:18"	"18"	"92"	"102"	"{""status"":""member"",""unit"":""m1:u2""}"
"fbefffa5976b17d3b40601decf03f5082f8823f894c2141ebb2da9e89412eff4"	"f59d06662cdb161ba33b274e7d51ce362e78c02cb7f82c52061ee8069a4ab650:word:19"	"19"	"103"	"104"	"{""status"":""member"",""unit"":""m1:u2""}"
"fbefffa5976b17d3b40601decf03f5082f8823f894c2141ebb2da9e89412eff4"	"f59d06662cdb161ba33b274e7d51ce362e78c02cb7f82c52061ee8069a4ab650:word:20"	"20"	"105"	"114"	"{""status"":""member"",""unit"":""m1:u2""}"
"fbefffa5976b17d3b40601decf03f5082f8823f894c2141ebb2da9e89412eff4"	"f59d06662cdb161ba33b274e7d51ce362e78c02cb7f82c52061ee8069a4ab650:word:21"	"21"	"115"	"116"	"{""status"":""member"",""unit"":""m1:u3""}"
"fbefffa5976b17d3b40601decf03f5082f8823f894c2141ebb2da9e89412eff4"	"f59d06662cdb161ba33b274e7d51ce362e78c02cb7f82c52061ee8069a4ab650:word:22"	"22"	"117"	"123"	"{""status"":""member"",""unit"":""m1:u3""}"
"fbefffa5976b17d3b40601decf03f5082f8823f894c2141ebb2da9e89412eff4"	"f59d06662cdb161ba33b274e7d51ce362e78c02cb7f82c52061ee8069a4ab650:word:23"	"23"	"124"	"127"	"{""status"":""member"",""unit"":""m1:u3""}"
"fbefffa5976b17d3b40601decf03f5082f8823f894c2141ebb2da9e89412eff4"	"f59d06662cdb161ba33b274e7d51ce362e78c02cb7f82c52061ee8069a4ab650:word:24"	"24"	"128"	"135"	"{""status"":""member"",""unit"":""m1:u3""}"
