"model_digest"	"node_id"	"context_kind"	"holder"
"3480df7007cb6dcab43d3f725cfd83820c3b42d523253166569b51940554a142"	"wog:ctx:belief-ghosts"	"Belief"	"{""entity"":""wog:ent:young-man-2"",""status"":""named""}"
"3480df7007cb6dcab43d3f725cfd83820c3b42d523253166569b51940554a142"	"wog:ctx:belief-people"	"Belief"	"{""entity"":""wog:ent:young-man-2"",""status"":""named""}"
"3480df7007cb6dcab43d3f725cfd83820c3b42d523253166569b51940554a142"	"wog:ctx:speech-warriors-1"	"Speech"	"{""entity"":""wog:ent:warriors"",""status"":""named""}"
"3480df7007cb6dcab43d3f725cfd83820c3b42d523253166569b51940554a142"	"wog:ctx:speech-warriors-2"	"Speech"	"{""entity"":""wog:ent:warriors"",""status"":""named""}"
"3480df7007cb6dcab43d3f725cfd83820c3b42d523253166569b51940554a142"	"wog:ctx:speech-warriors-3"	"Speech"	"{""entity"":""wog:ent:warriors"",""status"":""named""}"
"3480df7007cb6dcab43d3f725cfd83820c3b42d523253166569b51940554a142"	"wog:ctx:speech-ym1-a"	"Speech"	"{""entity"":""wog:ent:young-man-1"",""status"":""named""}"
"3480df7007cb6dcab43d3f725cfd83820c3b42d523253166569b51940554a142"	"wog:ctx:speech-ym1-b"	"Speech"	"{""entity"":""wog:ent:young-man-1"",""status"":""named""}"
"3480df7007cb6dcab43d3f725cfd83820c3b42d523253166569b51940554a142"	"wog:ctx:speech-ym1-c"	"Speech"	"{""entity"":""wog:ent:young-man-1"",""status"":""named""}"
"3480df7007cb6dcab43d3f725cfd83820c3b42d523253166569b51940554a142"	"wog:ctx:speech-ym2"	"Speech"	"{""entity"":""wog:ent:young-man-2"",""status"":""named""}"
"3480df7007cb6dcab43d3f725cfd83820c3b42d523253166569b51940554a142"	"wog:ctx:speech-ym2-inner"	"Speech"	"{""entity"":""wog:ent:warriors"",""status"":""named""}"
"3480df7007cb6dcab43d3f725cfd83820c3b42d523253166569b51940554a142"	"wog:ctx:thought-war-party"	"Belief"	"{""entity"":""wog:ent:young-men"",""status"":""named""}"
"3480df7007cb6dcab43d3f725cfd83820c3b42d523253166569b51940554a142"	"wog:ctx:world"	"NarratedWorld"	"{""status"":""not-applicable""}"
