"model_digest"	"node_id"	"entity_type"	"label"
"3480df7007cb6dcab43d3f725cfd83820c3b42d523253166569b51940554a142"	"wog:ent:arrows"	"{""status"":""standard"",""value"":""Object""}"	"arrows"
"3480df7007cb6dcab43d3f725cfd83820c3b42d523253166569b51940554a142"	"wog:ent:canoe"	"{""status"":""standard"",""value"":""Object""}"	"the warriors' canoe"
"3480df7007cb6dcab43d3f725cfd83820c3b42d523253166569b51940554a142"	"wog:ent:egulac"	"{""status"":""standard"",""value"":""Location""}"	"Egulac"
"3480df7007cb6dcab43d3f725cfd83820c3b42d523253166569b51940554a142"	"wog:ent:house"	"{""status"":""standard"",""value"":""Location""}"	"the house at Egulac"
"3480df7007cb6dcab43d3f725cfd83820c3b42d523253166569b51940554a142"	"wog:ent:kalama"	"{""status"":""standard"",""value"":""Location""}"	"Kalama"
"3480df7007cb6dcab43d3f725cfd83820c3b42d523253166569b51940554a142"	"wog:ent:kalama-people"	"{""status"":""standard"",""value"":""Group""}"	"the people attacked at Kalama"
"3480df7007cb6dcab43d3f725cfd83820c3b42d523253166569b51940554a142"	"wog:ent:log"	"{""status"":""standard"",""value"":""Object""}"	"the log on the shore"
"3480df7007cb6dcab43d3f725cfd83820c3b42d523253166569b51940554a142"	"wog:ent:relatives"	"{""status"":""standard"",""value"":""Group""}"	"the young men's people at Egulac"
"3480df7007cb6dcab43d3f725cfd83820c3b42d523253166569b51940554a142"	"wog:ent:river"	"{""status"":""standard"",""value"":""Location""}"	"the river"
"3480df7007cb6dcab43d3f725cfd83820c3b42d523253166569b51940554a142"	"wog:ent:shot-fellow"	"{""status"":""standard"",""value"":""Person""}"	"the warrior who was shot"
"3480df7007cb6dcab43d3f725cfd83820c3b42d523253166569b51940554a142"	"wog:ent:warriors"	"{""status"":""standard"",""value"":""Group""}"	"the five men in the canoe (the warriors)"
"3480df7007cb6dcab43d3f725cfd83820c3b42d523253166569b51940554a142"	"wog:ent:young-man-1"	"{""status"":""standard"",""value"":""Person""}"	"the young man who declined"
"3480df7007cb6dcab43d3f725cfd83820c3b42d523253166569b51940554a142"	"wog:ent:young-man-2"	"{""status"":""standard"",""value"":""Person""}"	"the young man who went"
"3480df7007cb6dcab43d3f725cfd83820c3b42d523253166569b51940554a142"	"wog:ent:young-men"	"{""status"":""standard"",""value"":""Group""}"	"the two young men"
