"model_digest"	"claim_id"	"evidence_index"	"evidence_id"	"stage"	"upstream"	"span_count"
"3480df7007cb6dcab43d3f725cfd83820c3b42d523253166569b51940554a142"	"wog:claim:ent:arrows"	"0"	"wog:ev:ent:arrows"	"hand-fixture"	"{""status"":""present"",""value"":[]}"	"2"
"3480df7007cb6dcab43d3f725cfd83820c3b42d523253166569b51940554a142"	"wog:claim:ent:canoe"	"0"	"wog:ev:ent:canoe"	"hand-fixture"	"{""status"":""present"",""value"":[]}"	"3"
"3480df7007cb6dcab43d3f725cfd83820c3b42d523253166569b51940554a142"	"wog:claim:ent:egulac"	"0"	"wog:ev:ent:egulac"	"hand-fixture"	"{""status"":""present"",""value"":[]}"	"2"
"3480df7007cb6dcab43d3f725cfd83820c3b42d523253166569b51940554a142"	"wog:claim:ent:house"	"0"	"wog:ev:ent:house"	"hand-fixture"	"{""status"":""present"",""value"":[]}"	"1"
"3480df7007cb6dcab43d3f725cfd83820c3b42d523253166569b51940554a142"	"wog:claim:ent:kalama"	"0"	"wog:ev:ent:kalama"	"hand-fixture"	"{""status"":""present"",""value"":[]}"	"1"
"3480df7007cb6dcab43d3f725cfd83820c3b42d523253166569b51940554a142"	"wog:claim:ent:kalama-people"	"0"	"wog:ev:ent:kalama-people"	"hand-fixture"	"{""status"":""present"",""value"":[]}"	"2"
"3480df7007cb6dcab43d3f725cfd83820c3b42d523253166569b51940554a142"	"wog:claim:ent:log"	"0"	"wog:ev:ent:log"	"hand-fixture"	"{""status"":""present"",""value"":[]}"	"1"
"3480df7007cb6dcab43d3f725cfd83820c3b42d523253166569b51940554a142"	"wog:claim:ent:relatives"	"0"	"wog:ev:ent:relatives"	"hand-fixture"	"{""status"":""present"",""value"":[]}"	"3"
"3480df7007cb6dcab43d3f725cfd83820c3b42d523253166569b51940554a142"	"wog:claim:ent:river"	"0"	"wog:ev:ent:river"	"hand-fixture"	"{""status"":""present"",""value"":[]}"	"2"
"3480df7007cb6dcab43d3f725cfd83820c3b42d523253166569b51940554a142"	"wog:claim:ent:shot-fellow"	"0"	"wog:ev:ent:shot-fellow"	"hand-fixture"	"{""status"":""present"",""value"":[]}"	"1"
"3480df7007cb6dcab43d3f725cfd83820c3b42d523253166569b51940554a142"	"wog:claim:ent:warriors"	"0"	"wog:ev:ent:warriors"	"hand-fixture"	"{""status"":""present"",""value"":[]}"	"3"
"3480df7007cb6dcab43d3f725cfd83820c3b42d523253166569b51940554a142"	"wog:claim:ent:young-man-1"	"0"	"wog:ev:ent:young-man-1"	"hand-fixture"	"{""status"":""present"",""value"":[]}"	"3"
"3480df7007cb6dcab43d3f725cfd83820c3b42d523253166569b51940554a142"	"wog:claim:ent:young-man-2"	"0"	"wog:ev:ent:young-man-2"	"hand-fixture"	"{""status"":""present"",""value"":[]}"	"3"
"3480df7007cb6dcab43d3f725cfd83820c3b42d523253166569b51940554a142"	"wog:claim:ent:young-men"	"0"	"wog:ev:ent:young-men"	"hand-fixture"	"{""status"":""present"",""value"":[]}"	"3"
"3480df7007cb6dcab43d3f725cfd83820c3b42d523253166569b51940554a142"	"wog:claim:sit:accompanied-ghosts"	"0"	"wog:ev:sit:accompanied-ghosts"	"hand-fixture"	"{""status"":""present"",""value"":[]}"	"1"
"3480df7007cb6dcab43d3f725cfd83820c3b42d523253166569b51940554a142"	"wog:claim:sit:announced-war"	"0"	"wog:ev:sit:announced-war"	"hand-fixture"	"{""status"":""present"",""value"":[]}"	"1"
"3480df7007cb6dcab43d3f725cfd83820c3b42d523253166569b51940554a142"	"wog:claim:sit:arrive-egulac"	"0"	"wog:ev:sit:arrive-egulac"	"hand-fixture"	"{""status"":""present"",""value"":[]}"	"1"
"3480df7007cb6dcab43d3f725cfd83820c3b42d523253166569b51940554a142"	"wog:claim:sit:arrive-kalama"	"0"	"wog:ev:sit:arrive-kalama"	"hand-fixture"	"{""status"":""present"",""value"":[]}"	"1"
"3480df7007cb6dcab43d3f725cfd83820c3b42d523253166569b51940554a142"	"wog:claim:sit:arrows-in-canoe"	"0"	"wog:ev:sit:arrows-in-canoe"	"hand-fixture"	"{""status"":""present"",""value"":[]}"	"1"
"3480df7007cb6dcab43d3f725cfd83820c3b42d523253166569b51940554a142"	"wog:claim:sit:battle"	"0"	"wog:ev:sit:battle"	"hand-fixture"	"{""status"":""present"",""value"":[]}"	"2"
"3480df7007cb6dcab43d3f725cfd83820c3b42d523253166569b51940554a142"	"wog:claim:sit:becomes-quiet"	"0"	"wog:ev:sit:becomes-quiet"	"hand-fixture"	"{""status"":""present"",""value"":[]}"	"2"
"3480df7007cb6dcab43d3f725cfd83820c3b42d523253166569b51940554a142"	"wog:claim:sit:black-from-mouth"	"0"	"wog:ev:sit:black-from-mouth"	"hand-fixture"	"{""status"":""present"",""value"":[]}"	"1"
"3480df7007cb6dcab43d3f725cfd83820c3b42d523253166569b51940554a142"	"wog:claim:sit:blood-from-anus"	"0"	"wog:ev:sit:blood-from-anus"	"hand-fixture"	"{""status"":""present"",""value"":[]}"	"1"
"3480df7007cb6dcab43d3f725cfd83820c3b42d523253166569b51940554a142"	"wog:claim:sit:canoe-lands"	"0"	"wog:ev:sit:canoe-lands"	"hand-fixture"	"{""status"":""present"",""value"":[]}"	"1"
"3480df7007cb6dcab43d3f725cfd83820c3b42d523253166569b51940554a142"	"wog:claim:sit:canoes-come-up"	"0"	"wog:ev:sit:canoes-come-up"	"hand-fixture"	"{""status"":""present"",""value"":[]}"	"1"
"3480df7007cb6dcab43d3f725cfd83820c3b42d523253166569b51940554a142"	"wog:claim:sit:carry-into-canoe"	"0"	"wog:ev:sit:carry-into-canoe"	"hand-fixture"	"{""status"":""present"",""value"":[]}"	"1"
"3480df7007cb6dcab43d3f725cfd83820c3b42d523253166569b51940554a142"	"wog:claim:sit:dead"	"0"	"wog:ev:sit:dead"	"hand-fixture"	"{""status"":""present"",""value"":[]}"	"2"
"3480df7007cb6dcab43d3f725cfd83820c3b42d523253166569b51940554a142"	"wog:claim:sit:down-river"	"0"	"wog:ev:sit:down-river"	"hand-fixture"	"{""status"":""present"",""value"":[]}"	"1"
"3480df7007cb6dcab43d3f725cfd83820c3b42d523253166569b51940554a142"	"wog:claim:sit:enemy-come-to-water"	"0"	"wog:ev:sit:enemy-come-to-water"	"hand-fixture"	"{""status"":""present"",""value"":[]}"	"1"
"3480df7007cb6dcab43d3f725cfd83820c3b42d523253166569b51940554a142"	"wog:claim:sit:face-contorted"	"0"	"wog:ev:sit:face-contorted"	"hand-fixture"	"{""status"":""present"",""value"":[]}"	"1"
"3480df7007cb6dcab43d3f725cfd83820c3b42d523253166569b51940554a142"	"wog:claim:sit:falls-down"	"0"	"wog:ev:sit:falls-down"	"hand-fixture"	"{""status"":""present"",""value"":[]}"	"1"
"3480df7007cb6dcab43d3f725cfd83820c3b42d523253166569b51940554a142"	"wog:claim:sit:fellow-shot"	"0"	"wog:ev:sit:fellow-shot"	"hand-fixture"	"{""status"":""present"",""value"":[]}"	"1"
"3480df7007cb6dcab43d3f725cfd83820c3b42d523253166569b51940554a142"	"wog:claim:sit:five-men-in-canoe"	"0"	"wog:ev:sit:five-men-in-canoe"	"hand-fixture"	"{""status"":""present"",""value"":[]}"	"1"
"3480df7007cb6dcab43d3f725cfd83820c3b42d523253166569b51940554a142"	"wog:claim:sit:fog-calm"	"0"	"wog:ev:sit:fog-calm"	"hand-fixture"	"{""status"":""present"",""value"":[]}"	"1"
"3480df7007cb6dcab43d3f725cfd83820c3b42d523253166569b51940554a142"	"wog:claim:sit:hear-paddles"	"0"	"wog:ev:sit:hear-paddles"	"hand-fixture"	"{""status"":""present"",""value"":[]}"	"1"
"3480df7007cb6dcab43d3f725cfd83820c3b42d523253166569b51940554a142"	"wog:claim:sit:hear-war-cries"	"0"	"wog:ev:sit:hear-war-cries"	"hand-fixture"	"{""status"":""present"",""value"":[]}"	"1"
"3480df7007cb6dcab43d3f725cfd83820c3b42d523253166569b51940554a142"	"wog:claim:sit:hide"	"0"	"wog:ev:sit:hide"	"hand-fixture"	"{""status"":""present"",""value"":[]}"	"1"
"3480df7007cb6dcab43d3f725cfd83820c3b42d523253166569b51940554a142"	"wog:claim:sit:hunt-seals"	"0"	"wog:ev:sit:hunt-seals"	"hand-fixture"	"{""status"":""present"",""value"":[]}"	"1"
"3480df7007cb6dcab43d3f725cfd83820c3b42d523253166569b51940554a142"	"wog:claim:sit:i-did-not-feel-sick"	"0"	"wog:ev:sit:i-did-not-feel-sick"	"hand-fixture"	"{""status"":""present"",""value"":[]}"	"1"
"3480df7007cb6dcab43d3f725cfd83820c3b42d523253166569b51940554a142"	"wog:claim:sit:i-was-shot"	"0"	"wog:ev:sit:i-was-shot"	"hand-fixture"	"{""status"":""present"",""value"":[]}"	"1"
"3480df7007cb6dcab43d3f725cfd83820c3b42d523253166569b51940554a142"	"wog:claim:sit:lack-arrows"	"0"	"wog:ev:sit:lack-arrows"	"hand-fixture"	"{""status"":""present"",""value"":[]}"	"1"
"3480df7007cb6dcab43d3f725cfd83820c3b42d523253166569b51940554a142"	"wog:claim:sit:let-us-go-home"	"0"	"wog:ev:sit:let-us-go-home"	"hand-fixture"	"{""status"":""present"",""value"":[]}"	"1"
"3480df7007cb6dcab43d3f725cfd83820c3b42d523253166569b51940554a142"	"wog:claim:sit:make-fire"	"0"	"wog:ev:sit:make-fire"	"hand-fixture"	"{""status"":""present"",""value"":[]}"	"1"
"3480df7007cb6dcab43d3f725cfd83820c3b42d523253166569b51940554a142"	"wog:claim:sit:many-enemy-killed"	"0"	"wog:ev:sit:many-enemy-killed"	"hand-fixture"	"{""status"":""present"",""value"":[]}"	"1"
"3480df7007cb6dcab43d3f725cfd83820c3b42d523253166569b51940554a142"	"wog:claim:sit:many-fellows-killed"	"0"	"wog:ev:sit:many-fellows-killed"	"hand-fixture"	"{""status"":""present"",""value"":[]}"	"1"
"3480df7007cb6dcab43d3f725cfd83820c3b42d523253166569b51940554a142"	"wog:claim:sit:might-be-killed"	"0"	"wog:ev:sit:might-be-killed"	"hand-fixture"	"{""status"":""present"",""value"":[]}"	"1"
"3480df7007cb6dcab43d3f725cfd83820c3b42d523253166569b51940554a142"	"wog:claim:sit:nearly-daylight"	"0"	"wog:ev:sit:nearly-daylight"	"hand-fixture"	"{""status"":""present"",""value"":[]}"	"1"
"3480df7007cb6dcab43d3f725cfd83820c3b42d523253166569b51940554a142"	"wog:claim:sit:not-feel-sick"	"0"	"wog:ev:sit:not-feel-sick"	"hand-fixture"	"{""status"":""present"",""value"":[]}"	"1"
"3480df7007cb6dcab43d3f725cfd83820c3b42d523253166569b51940554a142"	"wog:claim:sit:not-go-along"	"0"	"wog:ev:sit:not-go-along"	"hand-fixture"	"{""status"":""present"",""value"":[]}"	"1"
"3480df7007cb6dcab43d3f725cfd83820c3b42d523253166569b51940554a142"	"wog:claim:sit:people-at-egulac"	"0"	"wog:ev:sit:people-at-egulac"	"hand-fixture"	"{""status"":""present"",""value"":[]}"	"1"
"3480df7007cb6dcab43d3f725cfd83820c3b42d523253166569b51940554a142"	"wog:claim:sit:people-cry"	"0"	"wog:ev:sit:people-cry"	"hand-fixture"	"{""status"":""present"",""value"":[]}"	"1"
"3480df7007cb6dcab43d3f725cfd83820c3b42d523253166569b51940554a142"	"wog:claim:sit:recounting"	"0"	"wog:ev:sit:recounting"	"hand-fixture"	"{""status"":""present"",""value"":[]}"	"2"
"3480df7007cb6dcab43d3f725cfd83820c3b42d523253166569b51940554a142"	"wog:claim:sit:relative-left-me"	"0"	"wog:ev:sit:relative-left-me"	"hand-fixture"	"{""status"":""present"",""value"":[]}"	"1"
"3480df7007cb6dcab43d3f725cfd83820c3b42d523253166569b51940554a142"	"wog:claim:sit:relatives-not-know"	"0"	"wog:ev:sit:relatives-not-know"	"hand-fixture"	"{""status"":""present"",""value"":[]}"	"1"
"3480df7007cb6dcab43d3f725cfd83820c3b42d523253166569b51940554a142"	"wog:claim:sit:reported-shot"	"0"	"wog:ev:sit:reported-shot"	"hand-fixture"	"{""status"":""present"",""value"":[]}"	"2"
"3480df7007cb6dcab43d3f725cfd83820c3b42d523253166569b51940554a142"	"wog:claim:sit:see-canoe"	"0"	"wog:ev:sit:see-canoe"	"hand-fixture"	"{""status"":""present"",""value"":[]}"	"1"
"3480df7007cb6dcab43d3f725cfd83820c3b42d523253166569b51940554a142"	"wog:claim:sit:sun-rises"	"0"	"wog:ev:sit:sun-rises"	"hand-fixture"	"{""status"":""present"",""value"":[]}"	"1"
"3480df7007cb6dcab43d3f725cfd83820c3b42d523253166569b51940554a142"	"wog:claim:sit:talk-in-canoe"	"0"	"wog:ev:sit:talk-in-canoe"	"hand-fixture"	"{""status"":""present"",""value"":[]}"	"1"
"3480df7007cb6dcab43d3f725cfd83820c3b42d523253166569b51940554a142"	"wog:claim:sit:they-said-shot"	"0"	"wog:ev:sit:they-said-shot"	"hand-fixture"	"{""status"":""present"",""value"":[]}"	"1"
"3480df7007cb6dcab43d3f725cfd83820c3b42d523253166569b51940554a142"	"wog:claim:sit:think-war-party"	"0"	"wog:ev:sit:think-war-party"	"hand-fixture"	"{""status"":""present"",""value"":[]}"	"1"
"3480df7007cb6dcab43d3f725cfd83820c3b42d523253166569b51940554a142"	"wog:claim:sit:war-party-present"	"0"	"wog:ev:sit:war-party-present"	"hand-fixture"	"{""status"":""present"",""value"":[]}"	"1"
"3480df7007cb6dcab43d3f725cfd83820c3b42d523253166569b51940554a142"	"wog:claim:sit:warriors-are-ghosts"	"0"	"wog:ev:sit:warriors-are-ghosts"	"hand-fixture"	"{""status"":""present"",""value"":[]}"	"1"
"3480df7007cb6dcab43d3f725cfd83820c3b42d523253166569b51940554a142"	"wog:claim:sit:warriors-are-people"	"0"	"wog:ev:sit:warriors-are-people"	"hand-fixture"	"{""status"":""present"",""value"":[]}"	"1"
"3480df7007cb6dcab43d3f725cfd83820c3b42d523253166569b51940554a142"	"wog:claim:sit:warriors-down-river"	"0"	"wog:ev:sit:warriors-down-river"	"hand-fixture"	"{""status"":""present"",""value"":[]}"	"1"
"3480df7007cb6dcab43d3f725cfd83820c3b42d523253166569b51940554a142"	"wog:claim:sit:warriors-go"	"0"	"wog:ev:sit:warriors-go"	"hand-fixture"	"{""status"":""present"",""value"":[]}"	"1"
"3480df7007cb6dcab43d3f725cfd83820c3b42d523253166569b51940554a142"	"wog:claim:sit:warriors-go-home"	"0"	"wog:ev:sit:warriors-go-home"	"hand-fixture"	"{""status"":""present"",""value"":[]}"	"1"
"3480df7007cb6dcab43d3f725cfd83820c3b42d523253166569b51940554a142"	"wog:claim:sit:warriors-say-arrows"	"0"	"wog:ev:sit:warriors-say-arrows"	"hand-fixture"	"{""status"":""present"",""value"":[]}"	"1"
"3480df7007cb6dcab43d3f725cfd83820c3b42d523253166569b51940554a142"	"wog:claim:sit:warriors-say-go-home"	"0"	"wog:ev:sit:warriors-say-go-home"	"hand-fixture"	"{""status"":""present"",""value"":[]}"	"2"
"3480df7007cb6dcab43d3f725cfd83820c3b42d523253166569b51940554a142"	"wog:claim:sit:warriors-speak"	"0"	"wog:ev:sit:warriors-speak"	"hand-fixture"	"{""status"":""present"",""value"":[]}"	"1"
"3480df7007cb6dcab43d3f725cfd83820c3b42d523253166569b51940554a142"	"wog:claim:sit:we-fought"	"0"	"wog:ev:sit:we-fought"	"hand-fixture"	"{""status"":""present"",""value"":[]}"	"1"
"3480df7007cb6dcab43d3f725cfd83820c3b42d523253166569b51940554a142"	"wog:claim:sit:wish-take-along"	"0"	"wog:ev:sit:wish-take-along"	"hand-fixture"	"{""status"":""present"",""value"":[]}"	"1"
"3480df7007cb6dcab43d3f725cfd83820c3b42d523253166569b51940554a142"	"wog:claim:sit:ym1-declines"	"0"	"wog:ev:sit:ym1-declines"	"hand-fixture"	"{""status"":""present"",""value"":[]}"	"2"
"3480df7007cb6dcab43d3f725cfd83820c3b42d523253166569b51940554a142"	"wog:claim:sit:ym1-goes-home"	"0"	"wog:ev:sit:ym1-goes-home"	"hand-fixture"	"{""status"":""present"",""value"":[]}"	"1"
"3480df7007cb6dcab43d3f725cfd83820c3b42d523253166569b51940554a142"	"wog:claim:sit:ym1-reports"	"0"	"wog:ev:sit:ym1-reports"	"hand-fixture"	"{""status"":""present"",""value"":[]}"	"1"
"3480df7007cb6dcab43d3f725cfd83820c3b42d523253166569b51940554a142"	"wog:claim:sit:ym1-returns-midnight"	"0"	"wog:ev:sit:ym1-returns-midnight"	"hand-fixture"	"{""status"":""present"",""value"":[]}"	"1"
"3480df7007cb6dcab43d3f725cfd83820c3b42d523253166569b51940554a142"	"wog:claim:sit:ym1-says-no-arrows"	"0"	"wog:ev:sit:ym1-says-no-arrows"	"hand-fixture"	"{""status"":""present"",""value"":[]}"	"1"
"3480df7007cb6dcab43d3f725cfd83820c3b42d523253166569b51940554a142"	"wog:claim:sit:ym2-accompanies"	"0"	"wog:ev:sit:ym2-accompanies"	"hand-fixture"	"{""status"":""present"",""value"":[]}"	"1"
"3480df7007cb6dcab43d3f725cfd83820c3b42d523253166569b51940554a142"	"wog:claim:sit:ym2-ashore"	"0"	"wog:ev:sit:ym2-ashore"	"hand-fixture"	"{""status"":""present"",""value"":[]}"	"1"
"3480df7007cb6dcab43d3f725cfd83820c3b42d523253166569b51940554a142"	"wog:claim:sit:ym2-concludes-ghosts"	"0"	"wog:ev:sit:ym2-concludes-ghosts"	"hand-fixture"	"{""status"":""present"",""value"":[]}"	"1"
"3480df7007cb6dcab43d3f725cfd83820c3b42d523253166569b51940554a142"	"wog:claim:sit:ym2-enters-canoe"	"0"	"wog:ev:sit:ym2-enters-canoe"	"hand-fixture"	"{""status"":""present"",""value"":[]}"	"1"
"3480df7007cb6dcab43d3f725cfd83820c3b42d523253166569b51940554a142"	"wog:claim:sit:ym2-injured"	"0"	"wog:ev:sit:ym2-injured"	"hand-fixture"	"{""status"":""present"",""value"":[]}"	"2"
"3480df7007cb6dcab43d3f725cfd83820c3b42d523253166569b51940554a142"	"wog:claim:sit:ym2-thinks-people"	"0"	"wog:ev:sit:ym2-thinks-people"	"hand-fixture"	"{""status"":""present"",""value"":[]}"	"1"
"3480df7007cb6dcab43d3f725cfd83820c3b42d523253166569b51940554a142"	"wog:claim:sit:ym2-to-house"	"0"	"wog:ev:sit:ym2-to-house"	"hand-fixture"	"{""status"":""present"",""value"":[]}"	"1"
"3480df7007cb6dcab43d3f725cfd83820c3b42d523253166569b51940554a142"	"wog:claim:sit:ym2-went-with-warriors"	"0"	"wog:ev:sit:ym2-went-with-warriors"	"hand-fixture"	"{""status"":""present"",""value"":[]}"	"1"
"3480df7007cb6dcab43d3f725cfd83820c3b42d523253166569b51940554a142"	"wog:claim:sit:you-may-go"	"0"	"wog:ev:sit:you-may-go"	"hand-fixture"	"{""status"":""present"",""value"":[]}"	"1"
"3480df7007cb6dcab43d3f725cfd83820c3b42d523253166569b51940554a142"	"wog:claim:ctx:wog:ctx:belief-ghosts"	"0"	"wog:ev:ctx:wog:ctx:belief-ghosts"	"hand-fixture"	"{""status"":""present"",""value"":[]}"	"1"
"3480df7007cb6dcab43d3f725cfd83820c3b42d523253166569b51940554a142"	"wog:claim:ctx:wog:ctx:belief-people"	"0"	"wog:ev:ctx:wog:ctx:belief-people"	"hand-fixture"	"{""status"":""present"",""value"":[]}"	"1"
"3480df7007cb6dcab43d3f725cfd83820c3b42d523253166569b51940554a142"	"wog:claim:ctx:wog:ctx:speech-warriors-1"	"0"	"wog:ev:ctx:wog:ctx:speech-warriors-1"	"hand-fixture"	"{""status"":""present"",""value"":[]}"	"3"
"3480df7007cb6dcab43d3f725cfd83820c3b42d523253166569b51940554a142"	"wog:claim:ctx:wog:ctx:speech-warriors-2"	"0"	"wog:ev:ctx:wog:ctx:speech-warriors-2"	"hand-fixture"	"{""status"":""present"",""value"":[]}"	"1"
"3480df7007cb6dcab43d3f725cfd83820c3b42d523253166569b51940554a142"	"wog:claim:ctx:wog:ctx:speech-warriors-3"	"0"	"wog:ev:ctx:wog:ctx:speech-warriors-3"	"hand-fixture"	"{""status"":""present"",""value"":[]}"	"2"
"3480df7007cb6dcab43d3f725cfd83820c3b42d523253166569b51940554a142"	"wog:claim:ctx:wog:ctx:speech-ym1-a"	"0"	"wog:ev:ctx:wog:ctx:speech-ym1-a"	"hand-fixture"	"{""status"":""present"",""value"":[]}"	"1"
"3480df7007cb6dcab43d3f725cfd83820c3b42d523253166569b51940554a142"	"wog:claim:ctx:wog:ctx:speech-ym1-b"	"0"	"wog:ev:ctx:wog:ctx:speech-ym1-b"	"hand-fixture"	"{""status"":""present"",""value"":[]}"	"3"
"3480df7007cb6dcab43d3f725cfd83820c3b42d523253166569b51940554a142"	"wog:claim:ctx:wog:ctx:speech-ym1-c"	"0"	"wog:ev:ctx:wog:ctx:speech-ym1-c"	"hand-fixture"	"{""status"":""present"",""value"":[]}"	"2"
"3480df7007cb6dcab43d3f725cfd83820c3b42d523253166569b51940554a142"	"wog:claim:ctx:wog:ctx:speech-ym2"	"0"	"wog:ev:ctx:wog:ctx:speech-ym2"	"hand-fixture"	"{""status"":""present"",""value"":[]}"	"4"
"3480df7007cb6dcab43d3f725cfd83820c3b42d523253166569b51940554a142"	"wog:claim:ctx:wog:ctx:speech-ym2-inner"	"0"	"wog:ev:ctx:wog:ctx:speech-ym2-inner"	"hand-fixture"	"{""status"":""present"",""value"":[]}"	"1"
"3480df7007cb6dcab43d3f725cfd83820c3b42d523253166569b51940554a142"	"wog:claim:ctx:wog:ctx:thought-war-party"	"0"	"wog:ev:ctx:wog:ctx:thought-war-party"	"hand-fixture"	"{""status"":""present"",""value"":[]}"	"1"
"3480df7007cb6dcab43d3f725cfd83820c3b42d523253166569b51940554a142"	"wog:claim:ctx:wog:ctx:world"	"0"	"wog:ev:ctx:wog:ctx:world"	"hand-fixture"	"{""status"":""present"",""value"":[]}"	"50"
"3480df7007cb6dcab43d3f725cfd83820c3b42d523253166569b51940554a142"	"wog:claim:seg:wog:seg:ep1-river"	"0"	"wog:ev:seg:wog:seg:ep1-river"	"hand-fixture"	"{""status"":""present"",""value"":[]}"	"10"
"3480df7007cb6dcab43d3f725cfd83820c3b42d523253166569b51940554a142"	"wog:claim:seg:wog:seg:ep2-expedition"	"0"	"wog:ev:seg:wog:seg:ep2-expedition"	"hand-fixture"	"{""status"":""present"",""value"":[]}"	"20"
"3480df7007cb6dcab43d3f725cfd83820c3b42d523253166569b51940554a142"	"wog:claim:seg:wog:seg:ep3-return"	"0"	"wog:ev:seg:wog:seg:ep3-return"	"hand-fixture"	"{""status"":""present"",""value"":[]}"	"20"
"3480df7007cb6dcab43d3f725cfd83820c3b42d523253166569b51940554a142"	"wog:claim:seg:wog:seg:sc1a-hunting"	"0"	"wog:ev:seg:wog:seg:sc1a-hunting"	"hand-fixture"	"{""status"":""present"",""value"":[]}"	"4"
"3480df7007cb6dcab43d3f725cfd83820c3b42d523253166569b51940554a142"	"wog:claim:seg:wog:seg:sc1b-war-cries"	"0"	"wog:ev:seg:wog:seg:sc1b-war-cries"	"hand-fixture"	"{""status"":""present"",""value"":[]}"	"4"
"3480df7007cb6dcab43d3f725cfd83820c3b42d523253166569b51940554a142"	"wog:claim:seg:wog:seg:sc1c-canoe-arrives"	"0"	"wog:ev:seg:wog:seg:sc1c-canoe-arrives"	"hand-fixture"	"{""status"":""present"",""value"":[]}"	"2"
"3480df7007cb6dcab43d3f725cfd83820c3b42d523253166569b51940554a142"	"wog:claim:seg:wog:seg:sc2a-invitation"	"0"	"wog:ev:seg:wog:seg:sc2a-invitation"	"hand-fixture"	"{""status"":""present"",""value"":[]}"	"9"
"3480df7007cb6dcab43d3f725cfd83820c3b42d523253166569b51940554a142"	"wog:claim:seg:wog:seg:sc2b-parting"	"0"	"wog:ev:seg:wog:seg:sc2b-parting"	"hand-fixture"	"{""status"":""present"",""value"":[]}"	"4"
"3480df7007cb6dcab43d3f725cfd83820c3b42d523253166569b51940554a142"	"wog:claim:seg:wog:seg:sc2c-journey-battle"	"0"	"wog:ev:seg:wog:seg:sc2c-journey-battle"	"hand-fixture"	"{""status"":""present"",""value"":[]}"	"7"
"3480df7007cb6dcab43d3f725cfd83820c3b42d523253166569b51940554a142"	"wog:claim:seg:wog:seg:sc3a-retreat"	"0"	"wog:ev:seg:wog:seg:sc3a-retreat"	"hand-fixture"	"{""status"":""present"",""value"":[]}"	"7"
"3480df7007cb6dcab43d3f725cfd83820c3b42d523253166569b51940554a142"	"wog:claim:seg:wog:seg:sc3b-recounting"	"0"	"wog:ev:seg:wog:seg:sc3b-recounting"	"hand-fixture"	"{""status"":""present"",""value"":[]}"	"7"
"3480df7007cb6dcab43d3f725cfd83820c3b42d523253166569b51940554a142"	"wog:claim:seg:wog:seg:sc3c-death"	"0"	"wog:ev:seg:wog:seg:sc3c-death"	"hand-fixture"	"{""status"":""present"",""value"":[]}"	"6"
"3480df7007cb6dcab43d3f725cfd83820c3b42d523253166569b51940554a142"	"wog:claim:seg:wog:seg:story"	"0"	"wog:ev:seg:wog:seg:story"	"hand-fixture"	"{""status"":""present"",""value"":[]}"	"50"
"3480df7007cb6dcab43d3f725cfd83820c3b42d523253166569b51940554a142"	"wog:claim:part:wog:sit:people-at-egulac:Theme:wog:ent:relatives"	"0"	"wog:ev:part:wog:sit:people-at-egulac:Theme:wog:ent:relatives"	"hand-fixture"	"{""status"":""present"",""value"":[]}"	"1"
"3480df7007cb6dcab43d3f725cfd83820c3b42d523253166569b51940554a142"	"wog:claim:part:wog:sit:war-party-present:Theme:wog:ent:warriors"	"0"	"wog:ev:part:wog:sit:war-party-present:Theme:wog:ent:warriors"	"hand-fixture"	"{""status"":""present"",""value"":[]}"	"1"
"3480df7007cb6dcab43d3f725cfd83820c3b42d523253166569b51940554a142"	"wog:claim:part:wog:sit:canoes-come-up:Theme:wog:ent:canoe"	"0"	"wog:ev:part:wog:sit:canoes-come-up:Theme:wog:ent:canoe"	"hand-fixture"	"{""status"":""present"",""value"":[]}"	"1"
"3480df7007cb6dcab43d3f725cfd83820c3b42d523253166569b51940554a142"	"wog:claim:part:wog:sit:ym2-injured:Patient:wog:ent:young-man-2"	"0"	"wog:ev:part:wog:sit:ym2-injured:Patient:wog:ent:young-man-2"	"hand-fixture"	"{""status"":""present"",""value"":[]}"	"1"
"3480df7007cb6dcab43d3f725cfd83820c3b42d523253166569b51940554a142"	"wog:claim:part:wog:sit:people-at-egulac:Location:wog:ent:egulac"	"0"	"wog:ev:part:wog:sit:people-at-egulac:Location:wog:ent:egulac"	"hand-fixture"	"{""status"":""present"",""value"":[]}"	"1"
"3480df7007cb6dcab43d3f725cfd83820c3b42d523253166569b51940554a142"	"wog:claim:part:wog:sit:hunt-seals:Agent:wog:ent:young-men"	"0"	"wog:ev:part:wog:sit:hunt-seals:Agent:wog:ent:young-men"	"hand-fixture"	"{""status"":""present"",""value"":[]}"	"1"
"3480df7007cb6dcab43d3f725cfd83820c3b42d523253166569b51940554a142"	"wog:claim:part:wog:sit:down-river:Agent:wog:ent:young-men"	"0"	"wog:ev:part:wog:sit:down-river:Agent:wog:ent:young-men"	"hand-fixture"	"{""status"":""present"",""value"":[]}"	"1"
"3480df7007cb6dcab43d3f725cfd83820c3b42d523253166569b51940554a142"	"wog:claim:part:wog:sit:down-river:Location:wog:ent:river"	"0"	"wog:ev:part:wog:sit:down-river:Location:wog:ent:river"	"hand-fixture"	"{""status"":""present"",""value"":[]}"	"1"
"3480df7007cb6dcab43d3f725cfd83820c3b42d523253166569b51940554a142"	"wog:claim:part:wog:sit:hear-war-cries:Experiencer:wog:ent:young-men"	"0"	"wog:ev:part:wog:sit:hear-war-cries:Experiencer:wog:ent:young-men"	"hand-fixture"	"{""status"":""present"",""value"":[]}"	"1"
"3480df7007cb6dcab43d3f725cfd83820c3b42d523253166569b51940554a142"	"wog:claim:part:wog:sit:think-war-party:Agent:wog:ent:young-men"	"0"	"wog:ev:part:wog:sit:think-war-party:Agent:wog:ent:young-men"	"hand-fixture"	"{""status"":""present"",""value"":[]}"	"1"
"3480df7007cb6dcab43d3f725cfd83820c3b42d523253166569b51940554a142"	"wog:claim:part:wog:sit:hide:Agent:wog:ent:young-men"	"0"	"wog:ev:part:wog:sit:hide:Agent:wog:ent:young-men"	"hand-fixture"	"{""status"":""present"",""value"":[]}"	"1"
"3480df7007cb6dcab43d3f725cfd83820c3b42d523253166569b51940554a142"	"wog:claim:part:wog:sit:hide:Location:wog:ent:log"	"0"	"wog:ev:part:wog:sit:hide:Location:wog:ent:log"	"hand-fixture"	"{""status"":""present"",""value"":[]}"	"1"
"3480df7007cb6dcab43d3f725cfd83820c3b42d523253166569b51940554a142"	"wog:claim:part:wog:sit:hear-paddles:Experiencer:wog:ent:young-men"	"0"	"wog:ev:part:wog:sit:hear-paddles:Experiencer:wog:ent:young-men"	"hand-fixture"	"{""status"":""present"",""value"":[]}"	"1"
"3480df7007cb6dcab43d3f725cfd83820c3b42d523253166569b51940554a142"	"wog:claim:part:wog:sit:see-canoe:Experiencer:wog:ent:young-men"	"0"	"wog:ev:part:wog:sit:see-canoe:Experiencer:wog:ent:young-men"	"hand-fixture"	"{""status"":""present"",""value"":[]}"	"1"
"3480df7007cb6dcab43d3f725cfd83820c3b42d523253166569b51940554a142"	"wog:claim:part:wog:sit:see-canoe:Stimulus:wog:ent:canoe"	"0"	"wog:ev:part:wog:sit:see-canoe:Stimulus:wog:ent:canoe"	"hand-fixture"	"{""status"":""present"",""value"":[]}"	"1"
"3480df7007cb6dcab43d3f725cfd83820c3b42d523253166569b51940554a142"	"wog:claim:part:wog:sit:five-men-in-canoe:Theme:wog:ent:warriors"	"0"	"wog:ev:part:wog:sit:five-men-in-canoe:Theme:wog:ent:warriors"	"hand-fixture"	"{""status"":""present"",""value"":[]}"	"1"
"3480df7007cb6dcab43d3f725cfd83820c3b42d523253166569b51940554a142"	"wog:claim:part:wog:sit:five-men-in-canoe:Location:wog:ent:canoe"	"0"	"wog:ev:part:wog:sit:five-men-in-canoe:Location:wog:ent:canoe"	"hand-fixture"	"{""status"":""present"",""value"":[]}"	"1"
"3480df7007cb6dcab43d3f725cfd83820c3b42d523253166569b51940554a142"	"wog:claim:part:wog:sit:warriors-speak:Agent:wog:ent:warriors"	"0"	"wog:ev:part:wog:sit:warriors-speak:Agent:wog:ent:warriors"	"hand-fixture"	"{""status"":""present"",""value"":[]}"	"1"
"3480df7007cb6dcab43d3f725cfd83820c3b42d523253166569b51940554a142"	"wog:claim:part:wog:sit:warriors-speak:Patient:wog:ent:young-men"	"0"	"wog:ev:part:wog:sit:warriors-speak:Patient:wog:ent:young-men"	"hand-fixture"	"{""status"":""present"",""value"":[]}"	"1"
"3480df7007cb6dcab43d3f725cfd83820c3b42d523253166569b51940554a142"	"wog:claim:part:wog:sit:wish-take-along:Experiencer:wog:ent:warriors"	"0"	"wog:ev:part:wog:sit:wish-take-along:Experiencer:wog:ent:warriors"	"hand-fixture"	"{""status"":""present"",""value"":[]}"	"1"
"3480df7007cb6dcab43d3f725cfd83820c3b42d523253166569b51940554a142"	"wog:claim:part:wog:sit:wish-take-along:Theme:wog:ent:young-men"	"0"	"wog:ev:part:wog:sit:wish-take-along:Theme:wog:ent:young-men"	"hand-fixture"	"{""status"":""present"",""value"":[]}"	"1"
"3480df7007cb6dcab43d3f725cfd83820c3b42d523253166569b51940554a142"	"wog:claim:part:wog:sit:announced-war:Agent:wog:ent:warriors"	"0"	"wog:ev:part:wog:sit:announced-war:Agent:wog:ent:warriors"	"hand-fixture"	"{""status"":""present"",""value"":[]}"	"1"
"3480df7007cb6dcab43d3f725cfd83820c3b42d523253166569b51940554a142"	"wog:claim:part:wog:sit:announced-war:Patient:wog:ent:kalama-people"	"0"	"wog:ev:part:wog:sit:announced-war:Patient:wog:ent:kalama-people"	"hand-fixture"	"{""status"":""present"",""value"":[]}"	"1"
"3480df7007cb6dcab43d3f725cfd83820c3b42d523253166569b51940554a142"	"wog:claim:part:wog:sit:announced-war:Location:wog:ent:river"	"0"	"wog:ev:part:wog:sit:announced-war:Location:wog:ent:river"	"hand-fixture"	"{""status"":""present"",""value"":[]}"	"1"
"3480df7007cb6dcab43d3f725cfd83820c3b42d523253166569b51940554a142"	"wog:claim:part:wog:sit:ym1-says-no-arrows:Agent:wog:ent:young-man-1"	"0"	"wog:ev:part:wog:sit:ym1-says-no-arrows:Agent:wog:ent:young-man-1"	"hand-fixture"	"{""status"":""present"",""value"":[]}"	"1"
"3480df7007cb6dcab43d3f725cfd83820c3b42d523253166569b51940554a142"	"wog:claim:part:wog:sit:lack-arrows:Theme:wog:ent:arrows"	"0"	"wog:ev:part:wog:sit:lack-arrows:Theme:wog:ent:arrows"	"hand-fixture"	"{""status"":""present"",""value"":[]}"	"1"
"3480df7007cb6dcab43d3f725cfd83820c3b42d523253166569b51940554a142"	"wog:claim:part:wog:sit:lack-arrows:Experiencer:wog:ent:young-man-1"	"0"	"wog:ev:part:wog:sit:lack-arrows:Experiencer:wog:ent:young-man-1"	"hand-fixture"	"{""status"":""present"",""value"":[]}"	"1"
"3480df7007cb6dcab43d3f725cfd83820c3b42d523253166569b51940554a142"	"wog:claim:part:wog:sit:warriors-say-arrows:Agent:wog:ent:warriors"	"0"	"wog:ev:part:wog:sit:warriors-say-arrows:Agent:wog:ent:warriors"	"hand-fixture"	"{""status"":""present"",""value"":[]}"	"1"
"3480df7007cb6dcab43d3f725cfd83820c3b42d523253166569b51940554a142"	"wog:claim:part:wog:sit:arrows-in-canoe:Theme:wog:ent:arrows"	"0"	"wog:ev:part:wog:sit:arrows-in-canoe:Theme:wog:ent:arrows"	"hand-fixture"	"{""status"":""present"",""value"":[]}"	"1"
"3480df7007cb6dcab43d3f725cfd83820c3b42d523253166569b51940554a142"	"wog:claim:part:wog:sit:arrows-in-canoe:Location:wog:ent:canoe"	"0"	"wog:ev:part:wog:sit:arrows-in-canoe:Location:wog:ent:canoe"	"hand-fixture"	"{""status"":""present"",""value"":[]}"	"1"
"3480df7007cb6dcab43d3f725cfd83820c3b42d523253166569b51940554a142"	"wog:claim:part:wog:sit:ym1-declines:Agent:wog:ent:young-man-1"	"0"	"wog:ev:part:wog:sit:ym1-declines:Agent:wog:ent:young-man-1"	"hand-fixture"	"{""status"":""present"",""value"":[]}"	"1"
"3480df7007cb6dcab43d3f725cfd83820c3b42d523253166569b51940554a142"	"wog:claim:part:wog:sit:ym1-declines:Patient:wog:ent:young-man-2"	"0"	"wog:ev:part:wog:sit:ym1-declines:Patient:wog:ent:young-man-2"	"hand-fixture"	"{""status"":""present"",""value"":[]}"	"1"
"3480df7007cb6dcab43d3f725cfd83820c3b42d523253166569b51940554a142"	"wog:claim:part:wog:sit:not-go-along:Agent:wog:ent:young-man-1"	"0"	"wog:ev:part:wog:sit:not-go-along:Agent:wog:ent:young-man-1"	"hand-fixture"	"{""status"":""present"",""value"":[]}"	"1"
"3480df7007cb6dcab43d3f725cfd83820c3b42d523253166569b51940554a142"	"wog:claim:part:wog:sit:might-be-killed:Patient:wog:ent:young-man-1"	"0"	"wog:ev:part:wog:sit:might-be-killed:Patient:wog:ent:young-man-1"	"hand-fixture"	"{""status"":""present"",""value"":[]}"	"1"
"3480df7007cb6dcab43d3f725cfd83820c3b42d523253166569b51940554a142"	"wog:claim:part:wog:sit:relatives-not-know:Experiencer:wog:ent:relatives"	"0"	"wog:ev:part:wog:sit:relatives-not-know:Experiencer:wog:ent:relatives"	"hand-fixture"	"{""status"":""present"",""value"":[]}"	"1"
"3480df7007cb6dcab43d3f725cfd83820c3b42d523253166569b51940554a142"	"wog:claim:part:wog:sit:you-may-go:Agent:wog:ent:young-man-2"	"0"	"wog:ev:part:wog:sit:you-may-go:Agent:wog:ent:young-man-2"	"hand-fixture"	"{""status"":""present"",""value"":[]}"	"1"
"3480df7007cb6dcab43d3f725cfd83820c3b42d523253166569b51940554a142"	"wog:claim:part:wog:sit:you-may-go:Theme:wog:ent:warriors"	"0"	"wog:ev:part:wog:sit:you-may-go:Theme:wog:ent:warriors"	"hand-fixture"	"{""status"":""present"",""value"":[]}"	"1"
"3480df7007cb6dcab43d3f725cfd83820c3b42d523253166569b51940554a142"	"wog:claim:part:wog:sit:ym2-accompanies:Agent:wog:ent:young-man-2"	"0"	"wog:ev:part:wog:sit:ym2-accompanies:Agent:wog:ent:young-man-2"	"hand-fixture"	"{""status"":""present"",""value"":[]}"	"1"
"3480df7007cb6dcab43d3f725cfd83820c3b42d523253166569b51940554a142"	"wog:claim:part:wog:sit:ym2-accompanies:Theme:wog:ent:warriors"	"0"	"wog:ev:part:wog:sit:ym2-accompanies:Theme:wog:ent:warriors"	"hand-fixture"	"{""status"":""present"",""value"":[]}"	"1"
"3480df7007cb6dcab43d3f725cfd83820c3b42d523253166569b51940554a142"	"wog:claim:part:wog:sit:ym2-enters-canoe:Agent:wog:ent:young-man-2"	"0"	"wog:ev:part:wog:sit:ym2-enters-canoe:Agent:wog:ent:young-man-2"	"hand-fixture"	"{""status"":""present"",""value"":[]}"	"1"
"3480df7007cb6dcab43d3f725cfd83820c3b42d523253166569b51940554a142"	"wog:claim:part:wog:sit:ym2-enters-canoe:Destination:wog:ent:canoe"	"0"	"wog:ev:part:wog:sit:ym2-enters-canoe:Destination:wog:ent:canoe"	"hand-fixture"	"{""status"":""present"",""value"":[]}"	"1"
"3480df7007cb6dcab43d3f725cfd83820c3b42d523253166569b51940554a142"	"wog:claim:part:wog:sit:ym1-goes-home:Agent:wog:ent:young-man-1"	"0"	"wog:ev:part:wog:sit:ym1-goes-home:Agent:wog:ent:young-man-1"	"hand-fixture"	"{""status"":""present"",""value"":[]}"	"1"
"3480df7007cb6dcab43d3f725cfd83820c3b42d523253166569b51940554a142"	"wog:claim:part:wog:sit:ym1-returns-midnight:Agent:wog:ent:young-man-1"	"0"	"wog:ev:part:wog:sit:ym1-returns-midnight:Agent:wog:ent:young-man-1"	"hand-fixture"	"{""status"":""present"",""value"":[]}"	"1"
"3480df7007cb6dcab43d3f725cfd83820c3b42d523253166569b51940554a142"	"wog:claim:part:wog:sit:ym1-reports:Agent:wog:ent:young-man-1"	"0"	"wog:ev:part:wog:sit:ym1-reports:Agent:wog:ent:young-man-1"	"hand-fixture"	"{""status"":""present"",""value"":[]}"	"1"
"3480df7007cb6dcab43d3f725cfd83820c3b42d523253166569b51940554a142"	"wog:claim:part:wog:sit:relative-left-me:Agent:wog:ent:young-man-2"	"0"	"wog:ev:part:wog:sit:relative-left-me:Agent:wog:ent:young-man-2"	"hand-fixture"	"{""status"":""present"",""value"":[]}"	"1"
"3480df7007cb6dcab43d3f725cfd83820c3b42d523253166569b51940554a142"	"wog:claim:part:wog:sit:relative-left-me:Patient:wog:ent:young-man-1"	"0"	"wog:ev:part:wog:sit:relative-left-me:Patient:wog:ent:young-man-1"	"hand-fixture"	"{""status"":""present"",""value"":[]}"	"1"
"3480df7007cb6dcab43d3f725cfd83820c3b42d523253166569b51940554a142"	"wog:claim:part:wog:sit:ym2-went-with-warriors:Agent:wog:ent:young-man-2"	"0"	"wog:ev:part:wog:sit:ym2-went-with-warriors:Agent:wog:ent:young-man-2"	"hand-fixture"	"{""status"":""present"",""value"":[]}"	"1"
"3480df7007cb6dcab43d3f725cfd83820c3b42d523253166569b51940554a142"	"wog:claim:part:wog:sit:ym2-went-with-warriors:Theme:wog:ent:warriors"	"0"	"wog:ev:part:wog:sit:ym2-went-with-warriors:Theme:wog:ent:warriors"	"hand-fixture"	"{""status"":""present"",""value"":[]}"	"1"
"3480df7007cb6dcab43d3f725cfd83820c3b42d523253166569b51940554a142"	"wog:claim:part:wog:sit:warriors-go:Agent:wog:ent:warriors"	"0"	"wog:ev:part:wog:sit:warriors-go:Agent:wog:ent:warriors"	"hand-fixture"	"{""status"":""present"",""value"":[]}"	"1"
"3480df7007cb6dcab43d3f725cfd83820c3b42d523253166569b51940554a142"	"wog:claim:part:wog:sit:talk-in-canoe:Agent:wog:ent:warriors"	"0"	"wog:ev:part:wog:sit:talk-in-canoe:Agent:wog:ent:warriors"	"hand-fixture"	"{""status"":""present"",""value"":[]}"	"1"
"3480df7007cb6dcab43d3f725cfd83820c3b42d523253166569b51940554a142"	"wog:claim:part:wog:sit:arrive-kalama:Agent:wog:ent:warriors"	"0"	"wog:ev:part:wog:sit:arrive-kalama:Agent:wog:ent:warriors"	"hand-fixture"	"{""status"":""present"",""value"":[]}"	"1"
"3480df7007cb6dcab43d3f725cfd83820c3b42d523253166569b51940554a142"	"wog:claim:part:wog:sit:arrive-kalama:Destination:wog:ent:kalama"	"0"	"wog:ev:part:wog:sit:arrive-kalama:Destination:wog:ent:kalama"	"hand-fixture"	"{""status"":""present"",""value"":[]}"	"1"
"3480df7007cb6dcab43d3f725cfd83820c3b42d523253166569b51940554a142"	"wog:claim:part:wog:sit:enemy-come-to-water:Agent:wog:ent:kalama-people"	"0"	"wog:ev:part:wog:sit:enemy-come-to-water:Agent:wog:ent:kalama-people"	"hand-fixture"	"{""status"":""present"",""value"":[]}"	"1"
"3480df7007cb6dcab43d3f725cfd83820c3b42d523253166569b51940554a142"	"wog:claim:part:wog:sit:battle:Agent:wog:ent:warriors"	"0"	"wog:ev:part:wog:sit:battle:Agent:wog:ent:warriors"	"hand-fixture"	"{""status"":""present"",""value"":[]}"	"1"
"3480df7007cb6dcab43d3f725cfd83820c3b42d523253166569b51940554a142"	"wog:claim:part:wog:sit:battle:Patient:wog:ent:kalama-people"	"0"	"wog:ev:part:wog:sit:battle:Patient:wog:ent:kalama-people"	"hand-fixture"	"{""status"":""present"",""value"":[]}"	"1"
"3480df7007cb6dcab43d3f725cfd83820c3b42d523253166569b51940554a142"	"wog:claim:part:wog:sit:ym2-thinks-people:Agent:wog:ent:young-man-2"	"0"	"wog:ev:part:wog:sit:ym2-thinks-people:Agent:wog:ent:young-man-2"	"hand-fixture"	"{""status"":""present"",""value"":[]}"	"1"
"3480df7007cb6dcab43d3f725cfd83820c3b42d523253166569b51940554a142"	"wog:claim:part:wog:sit:warriors-are-people:Theme:wog:ent:warriors"	"0"	"wog:ev:part:wog:sit:warriors-are-people:Theme:wog:ent:warriors"	"hand-fixture"	"{""status"":""present"",""value"":[]}"	"1"
"3480df7007cb6dcab43d3f725cfd83820c3b42d523253166569b51940554a142"	"wog:claim:part:wog:sit:fellow-shot:Patient:wog:ent:shot-fellow"	"0"	"wog:ev:part:wog:sit:fellow-shot:Patient:wog:ent:shot-fellow"	"hand-fixture"	"{""status"":""present"",""value"":[]}"	"1"
"3480df7007cb6dcab43d3f725cfd83820c3b42d523253166569b51940554a142"	"wog:claim:part:wog:sit:carry-into-canoe:Agent:wog:ent:warriors"	"0"	"wog:ev:part:wog:sit:carry-into-canoe:Agent:wog:ent:warriors"	"hand-fixture"	"{""status"":""present"",""value"":[]}"	"1"
"3480df7007cb6dcab43d3f725cfd83820c3b42d523253166569b51940554a142"	"wog:claim:part:wog:sit:carry-into-canoe:Patient:wog:ent:shot-fellow"	"0"	"wog:ev:part:wog:sit:carry-into-canoe:Patient:wog:ent:shot-fellow"	"hand-fixture"	"{""status"":""present"",""value"":[]}"	"1"
"3480df7007cb6dcab43d3f725cfd83820c3b42d523253166569b51940554a142"	"wog:claim:part:wog:sit:carry-into-canoe:Destination:wog:ent:canoe"	"0"	"wog:ev:part:wog:sit:carry-into-canoe:Destination:wog:ent:canoe"	"hand-fixture"	"{""status"":""present"",""value"":[]}"	"1"
"3480df7007cb6dcab43d3f725cfd83820c3b42d523253166569b51940554a142"	"wog:claim:part:wog:sit:warriors-say-go-home:Agent:wog:ent:warriors"	"0"	"wog:ev:part:wog:sit:warriors-say-go-home:Agent:wog:ent:warriors"	"hand-fixture"	"{""status"":""present"",""value"":[]}"	"1"
"3480df7007cb6dcab43d3f725cfd83820c3b42d523253166569b51940554a142"	"wog:claim:part:wog:sit:let-us-go-home:Agent:wog:ent:warriors"	"0"	"wog:ev:part:wog:sit:let-us-go-home:Agent:wog:ent:warriors"	"hand-fixture"	"{""status"":""present"",""value"":[]}"	"1"
"3480df7007cb6dcab43d3f725cfd83820c3b42d523253166569b51940554a142"	"wog:claim:part:wog:sit:reported-shot:Patient:wog:ent:young-man-2"	"0"	"wog:ev:part:wog:sit:reported-shot:Patient:wog:ent:young-man-2"	"hand-fixture"	"{""status"":""present"",""value"":[]}"	"1"
"3480df7007cb6dcab43d3f725cfd83820c3b42d523253166569b51940554a142"	"wog:claim:part:wog:sit:ym2-concludes-ghosts:Agent:wog:ent:young-man-2"	"0"	"wog:ev:part:wog:sit:ym2-concludes-ghosts:Agent:wog:ent:young-man-2"	"hand-fixture"	"{""status"":""present"",""value"":[]}"	"1"
"3480df7007cb6dcab43d3f725cfd83820c3b42d523253166569b51940554a142"	"wog:claim:part:wog:sit:warriors-are-ghosts:Theme:wog:ent:warriors"	"0"	"wog:ev:part:wog:sit:warriors-are-ghosts:Theme:wog:ent:warriors"	"hand-fixture"	"{""status"":""present"",""value"":[]}"	"1"
"3480df7007cb6dcab43d3f725cfd83820c3b42d523253166569b51940554a142"	"wog:claim:part:wog:sit:not-feel-sick:Experiencer:wog:ent:young-man-2"	"0"	"wog:ev:part:wog:sit:not-feel-sick:Experiencer:wog:ent:young-man-2"	"hand-fixture"	"{""status"":""present"",""value"":[]}"	"1"
"3480df7007cb6dcab43d3f725cfd83820c3b42d523253166569b51940554a142"	"wog:claim:part:wog:sit:warriors-go-home:Agent:wog:ent:warriors"	"0"	"wog:ev:part:wog:sit:warriors-go-home:Agent:wog:ent:warriors"	"hand-fixture"	"{""status"":""present"",""value"":[]}"	"1"
"3480df7007cb6dcab43d3f725cfd83820c3b42d523253166569b51940554a142"	"wog:claim:part:wog:sit:arrive-egulac:Agent:wog:ent:warriors"	"0"	"wog:ev:part:wog:sit:arrive-egulac:Agent:wog:ent:warriors"	"hand-fixture"	"{""status"":""present"",""value"":[]}"	"1"
"3480df7007cb6dcab43d3f725cfd83820c3b42d523253166569b51940554a142"	"wog:claim:part:wog:sit:arrive-egulac:Destination:wog:ent:egulac"	"0"	"wog:ev:part:wog:sit:arrive-egulac:Destination:wog:ent:egulac"	"hand-fixture"	"{""status"":""present"",""value"":[]}"	"1"
"3480df7007cb6dcab43d3f725cfd83820c3b42d523253166569b51940554a142"	"wog:claim:part:wog:sit:canoe-lands:Theme:wog:ent:canoe"	"0"	"wog:ev:part:wog:sit:canoe-lands:Theme:wog:ent:canoe"	"hand-fixture"	"{""status"":""present"",""value"":[]}"	"1"
"3480df7007cb6dcab43d3f725cfd83820c3b42d523253166569b51940554a142"	"wog:claim:part:wog:sit:ym2-ashore:Agent:wog:ent:young-man-2"	"0"	"wog:ev:part:wog:sit:ym2-ashore:Agent:wog:ent:young-man-2"	"hand-fixture"	"{""status"":""present"",""value"":[]}"	"1"
"3480df7007cb6dcab43d3f725cfd83820c3b42d523253166569b51940554a142"	"wog:claim:part:wog:sit:warriors-down-river:Agent:wog:ent:warriors"	"0"	"wog:ev:part:wog:sit:warriors-down-river:Agent:wog:ent:warriors"	"hand-fixture"	"{""status"":""present"",""value"":[]}"	"1"
"3480df7007cb6dcab43d3f725cfd83820c3b42d523253166569b51940554a142"	"wog:claim:part:wog:sit:warriors-down-river:Location:wog:ent:river"	"0"	"wog:ev:part:wog:sit:warriors-down-river:Location:wog:ent:river"	"hand-fixture"	"{""status"":""present"",""value"":[]}"	"1"
"3480df7007cb6dcab43d3f725cfd83820c3b42d523253166569b51940554a142"	"wog:claim:part:wog:sit:ym2-to-house:Agent:wog:ent:young-man-2"	"0"	"wog:ev:part:wog:sit:ym2-to-house:Agent:wog:ent:young-man-2"	"hand-fixture"	"{""status"":""present"",""value"":[]}"	"1"
"3480df7007cb6dcab43d3f725cfd83820c3b42d523253166569b51940554a142"	"wog:claim:part:wog:sit:ym2-to-house:Destination:wog:ent:house"	"0"	"wog:ev:part:wog:sit:ym2-to-house:Destination:wog:ent:house"	"hand-fixture"	"{""status"":""present"",""value"":[]}"	"1"
"3480df7007cb6dcab43d3f725cfd83820c3b42d523253166569b51940554a142"	"wog:claim:part:wog:sit:make-fire:Agent:wog:ent:young-man-2"	"0"	"wog:ev:part:wog:sit:make-fire:Agent:wog:ent:young-man-2"	"hand-fixture"	"{""status"":""present"",""value"":[]}"	"1"
"3480df7007cb6dcab43d3f725cfd83820c3b42d523253166569b51940554a142"	"wog:claim:part:wog:sit:recounting:Agent:wog:ent:young-man-2"	"0"	"wog:ev:part:wog:sit:recounting:Agent:wog:ent:young-man-2"	"hand-fixture"	"{""status"":""present"",""value"":[]}"	"1"
"3480df7007cb6dcab43d3f725cfd83820c3b42d523253166569b51940554a142"	"wog:claim:part:wog:sit:recounting:Beneficiary:wog:ent:relatives"	"0"	"wog:ev:part:wog:sit:recounting:Beneficiary:wog:ent:relatives"	"hand-fixture"	"{""status"":""present"",""value"":[]}"	"1"
"3480df7007cb6dcab43d3f725cfd83820c3b42d523253166569b51940554a142"	"wog:claim:part:wog:sit:accompanied-ghosts:Agent:wog:ent:young-man-2"	"0"	"wog:ev:part:wog:sit:accompanied-ghosts:Agent:wog:ent:young-man-2"	"hand-fixture"	"{""status"":""present"",""value"":[]}"	"1"
"3480df7007cb6dcab43d3f725cfd83820c3b42d523253166569b51940554a142"	"wog:claim:part:wog:sit:accompanied-ghosts:Theme:wog:ent:warriors"	"0"	"wog:ev:part:wog:sit:accompanied-ghosts:Theme:wog:ent:warriors"	"hand-fixture"	"{""status"":""present"",""value"":[]}"	"1"
"3480df7007cb6dcab43d3f725cfd83820c3b42d523253166569b51940554a142"	"wog:claim:part:wog:sit:we-fought:Agent:wog:ent:warriors"	"0"	"wog:ev:part:wog:sit:we-fought:Agent:wog:ent:warriors"	"hand-fixture"	"{""status"":""present"",""value"":[]}"	"1"
"3480df7007cb6dcab43d3f725cfd83820c3b42d523253166569b51940554a142"	"wog:claim:part:wog:sit:we-fought:Agent:wog:ent:young-man-2"	"0"	"wog:ev:part:wog:sit:we-fought:Agent:wog:ent:young-man-2"	"hand-fixture"	"{""status"":""present"",""value"":[]}"	"1"
"3480df7007cb6dcab43d3f725cfd83820c3b42d523253166569b51940554a142"	"wog:claim:part:wog:sit:many-fellows-killed:Patient:wog:ent:warriors"	"0"	"wog:ev:part:wog:sit:many-fellows-killed:Patient:wog:ent:warriors"	"hand-fixture"	"{""status"":""present"",""value"":[]}"	"1"
"3480df7007cb6dcab43d3f725cfd83820c3b42d523253166569b51940554a142"	"wog:claim:part:wog:sit:many-enemy-killed:Patient:wog:ent:kalama-people"	"0"	"wog:ev:part:wog:sit:many-enemy-killed:Patient:wog:ent:kalama-people"	"hand-fixture"	"{""status"":""present"",""value"":[]}"	"1"
"3480df7007cb6dcab43d3f725cfd83820c3b42d523253166569b51940554a142"	"wog:claim:part:wog:sit:they-said-shot:Agent:wog:ent:warriors"	"0"	"wog:ev:part:wog:sit:they-said-shot:Agent:wog:ent:warriors"	"hand-fixture"	"{""status"":""present"",""value"":[]}"	"1"
"3480df7007cb6dcab43d3f725cfd83820c3b42d523253166569b51940554a142"	"wog:claim:part:wog:sit:they-said-shot:Beneficiary:wog:ent:young-man-2"	"0"	"wog:ev:part:wog:sit:they-said-shot:Beneficiary:wog:ent:young-man-2"	"hand-fixture"	"{""status"":""present"",""value"":[]}"	"1"
"3480df7007cb6dcab43d3f725cfd83820c3b42d523253166569b51940554a142"	"wog:claim:part:wog:sit:i-was-shot:Patient:wog:ent:young-man-2"	"0"	"wog:ev:part:wog:sit:i-was-shot:Patient:wog:ent:young-man-2"	"hand-fixture"	"{""status"":""present"",""value"":[]}"	"1"
"3480df7007cb6dcab43d3f725cfd83820c3b42d523253166569b51940554a142"	"wog:claim:part:wog:sit:i-did-not-feel-sick:Experiencer:wog:ent:young-man-2"	"0"	"wog:ev:part:wog:sit:i-did-not-feel-sick:Experiencer:wog:ent:young-man-2"	"hand-fixture"	"{""status"":""present"",""value"":[]}"	"1"
"3480df7007cb6dcab43d3f725cfd83820c3b42d523253166569b51940554a142"	"wog:claim:part:wog:sit:becomes-quiet:Agent:wog:ent:young-man-2"	"0"	"wog:ev:part:wog:sit:becomes-quiet:Agent:wog:ent:young-man-2"	"hand-fixture"	"{""status"":""present"",""value"":[]}"	"1"
"3480df7007cb6dcab43d3f725cfd83820c3b42d523253166569b51940554a142"	"wog:claim:part:wog:sit:falls-down:Agent:wog:ent:young-man-2"	"0"	"wog:ev:part:wog:sit:falls-down:Agent:wog:ent:young-man-2"	"hand-fixture"	"{""status"":""present"",""value"":[]}"	"1"
"3480df7007cb6dcab43d3f725cfd83820c3b42d523253166569b51940554a142"	"wog:claim:part:wog:sit:black-from-mouth:Source:wog:ent:young-man-2"	"0"	"wog:ev:part:wog:sit:black-from-mouth:Source:wog:ent:young-man-2"	"hand-fixture"	"{""status"":""present"",""value"":[]}"	"1"
"3480df7007cb6dcab43d3f725cfd83820c3b42d523253166569b51940554a142"	"wog:claim:part:wog:sit:blood-from-anus:Source:wog:ent:young-man-2"	"0"	"wog:ev:part:wog:sit:blood-from-anus:Source:wog:ent:young-man-2"	"hand-fixture"	"{""status"":""present"",""value"":[]}"	"1"
"3480df7007cb6dcab43d3f725cfd83820c3b42d523253166569b51940554a142"	"wog:claim:part:wog:sit:face-contorted:Patient:wog:ent:young-man-2"	"0"	"wog:ev:part:wog:sit:face-contorted:Patient:wog:ent:young-man-2"	"hand-fixture"	"{""status"":""present"",""value"":[]}"	"1"
"3480df7007cb6dcab43d3f725cfd83820c3b42d523253166569b51940554a142"	"wog:claim:part:wog:sit:dead:Theme:wog:ent:young-man-2"	"0"	"wog:ev:part:wog:sit:dead:Theme:wog:ent:young-man-2"	"hand-fixture"	"{""status"":""present"",""value"":[]}"	"1"
"3480df7007cb6dcab43d3f725cfd83820c3b42d523253166569b51940554a142"	"wog:claim:part:wog:sit:people-cry:Agent:wog:ent:relatives"	"0"	"wog:ev:part:wog:sit:people-cry:Agent:wog:ent:relatives"	"hand-fixture"	"{""status"":""present"",""value"":[]}"	"1"
"3480df7007cb6dcab43d3f725cfd83820c3b42d523253166569b51940554a142"	"wog:claim:time:wog:sit:hunt-seals:wog:sit:down-river"	"0"	"wog:ev:time:wog:sit:hunt-seals:wog:sit:down-river"	"hand-fixture"	"{""status"":""present"",""value"":[]}"	"1"
"3480df7007cb6dcab43d3f725cfd83820c3b42d523253166569b51940554a142"	"wog:claim:time:wog:sit:fog-calm:wog:sit:hear-war-cries"	"0"	"wog:ev:time:wog:sit:fog-calm:wog:sit:hear-war-cries"	"hand-fixture"	"{""status"":""present"",""value"":[]}"	"1"
"3480df7007cb6dcab43d3f725cfd83820c3b42d523253166569b51940554a142"	"wog:claim:time:wog:sit:down-river:wog:sit:hear-war-cries"	"0"	"wog:ev:time:wog:sit:down-river:wog:sit:hear-war-cries"	"hand-fixture"	"{""status"":""present"",""value"":[]}"	"1"
"3480df7007cb6dcab43d3f725cfd83820c3b42d523253166569b51940554a142"	"wog:claim:time:wog:sit:hear-war-cries:wog:sit:think-war-party"	"0"	"wog:ev:time:wog:sit:hear-war-cries:wog:sit:think-war-party"	"hand-fixture"	"{""status"":""present"",""value"":[]}"	"1"
"3480df7007cb6dcab43d3f725cfd83820c3b42d523253166569b51940554a142"	"wog:claim:time:wog:sit:think-war-party:wog:sit:hide"	"0"	"wog:ev:time:wog:sit:think-war-party:wog:sit:hide"	"hand-fixture"	"{""status"":""present"",""value"":[]}"	"1"
"3480df7007cb6dcab43d3f725cfd83820c3b42d523253166569b51940554a142"	"wog:claim:time:wog:sit:hide:wog:sit:canoes-come-up"	"0"	"wog:ev:time:wog:sit:hide:wog:sit:canoes-come-up"	"hand-fixture"	"{""status"":""present"",""value"":[]}"	"1"
"3480df7007cb6dcab43d3f725cfd83820c3b42d523253166569b51940554a142"	"wog:claim:time:wog:sit:canoes-come-up:wog:sit:hear-paddles"	"0"	"wog:ev:time:wog:sit:canoes-come-up:wog:sit:hear-paddles"	"hand-fixture"	"{""status"":""present"",""value"":[]}"	"1"
"3480df7007cb6dcab43d3f725cfd83820c3b42d523253166569b51940554a142"	"wog:claim:time:wog:sit:canoes-come-up:wog:sit:see-canoe"	"0"	"wog:ev:time:wog:sit:canoes-come-up:wog:sit:see-canoe"	"hand-fixture"	"{""status"":""present"",""value"":[]}"	"1"
"3480df7007cb6dcab43d3f725cfd83820c3b42d523253166569b51940554a142"	"wog:claim:time:wog:sit:see-canoe:wog:sit:warriors-speak"	"0"	"wog:ev:time:wog:sit:see-canoe:wog:sit:warriors-speak"	"hand-fixture"	"{""status"":""present"",""value"":[]}"	"1"
"3480df7007cb6dcab43d3f725cfd83820c3b42d523253166569b51940554a142"	"wog:claim:time:wog:sit:warriors-speak:wog:sit:ym1-says-no-arrows"	"0"	"wog:ev:time:wog:sit:warriors-speak:wog:sit:ym1-says-no-arrows"	"hand-fixture"	"{""status"":""present"",""value"":[]}"	"1"
"3480df7007cb6dcab43d3f725cfd83820c3b42d523253166569b51940554a142"	"wog:claim:time:wog:sit:ym1-says-no-arrows:wog:sit:warriors-say-arrows"	"0"	"wog:ev:time:wog:sit:ym1-says-no-arrows:wog:sit:warriors-say-arrows"	"hand-fixture"	"{""status"":""present"",""value"":[]}"	"1"
"3480df7007cb6dcab43d3f725cfd83820c3b42d523253166569b51940554a142"	"wog:claim:time:wog:sit:warriors-say-arrows:wog:sit:ym1-declines"	"0"	"wog:ev:time:wog:sit:warriors-say-arrows:wog:sit:ym1-declines"	"hand-fixture"	"{""status"":""present"",""value"":[]}"	"1"
"3480df7007cb6dcab43d3f725cfd83820c3b42d523253166569b51940554a142"	"wog:claim:time:wog:sit:ym1-declines:wog:sit:ym2-accompanies"	"0"	"wog:ev:time:wog:sit:ym1-declines:wog:sit:ym2-accompanies"	"hand-fixture"	"{""status"":""present"",""value"":[]}"	"1"
"3480df7007cb6dcab43d3f725cfd83820c3b42d523253166569b51940554a142"	"wog:claim:time:wog:sit:ym2-accompanies:wog:sit:ym2-enters-canoe"	"0"	"wog:ev:time:wog:sit:ym2-accompanies:wog:sit:ym2-enters-canoe"	"hand-fixture"	"{""status"":""present"",""value"":[]}"	"1"
"3480df7007cb6dcab43d3f725cfd83820c3b42d523253166569b51940554a142"	"wog:claim:time:wog:sit:ym2-enters-canoe:wog:sit:ym1-goes-home"	"0"	"wog:ev:time:wog:sit:ym2-enters-canoe:wog:sit:ym1-goes-home"	"hand-fixture"	"{""status"":""present"",""value"":[]}"	"1"
"3480df7007cb6dcab43d3f725cfd83820c3b42d523253166569b51940554a142"	"wog:claim:time:wog:sit:ym1-goes-home:wog:sit:ym1-returns-midnight"	"0"	"wog:ev:time:wog:sit:ym1-goes-home:wog:sit:ym1-returns-midnight"	"hand-fixture"	"{""status"":""present"",""value"":[]}"	"1"
"3480df7007cb6dcab43d3f725cfd83820c3b42d523253166569b51940554a142"	"wog:claim:time:wog:sit:ym1-returns-midnight:wog:sit:ym1-reports"	"0"	"wog:ev:time:wog:sit:ym1-returns-midnight:wog:sit:ym1-reports"	"hand-fixture"	"{""status"":""present"",""value"":[]}"	"1"
"3480df7007cb6dcab43d3f725cfd83820c3b42d523253166569b51940554a142"	"wog:claim:time:wog:sit:ym2-enters-canoe:wog:sit:warriors-go"	"0"	"wog:ev:time:wog:sit:ym2-enters-canoe:wog:sit:warriors-go"	"hand-fixture"	"{""status"":""present"",""value"":[]}"	"1"
"3480df7007cb6dcab43d3f725cfd83820c3b42d523253166569b51940554a142"	"wog:claim:time:wog:sit:ym1-reports:wog:sit:battle"	"0"	"wog:ev:time:wog:sit:ym1-reports:wog:sit:battle"	"hand-fixture"	"{""status"":""present"",""value"":[]}"	"1"
"3480df7007cb6dcab43d3f725cfd83820c3b42d523253166569b51940554a142"	"wog:claim:time:wog:sit:warriors-go:wog:sit:talk-in-canoe"	"0"	"wog:ev:time:wog:sit:warriors-go:wog:sit:talk-in-canoe"	"hand-fixture"	"{""status"":""present"",""value"":[]}"	"1"
"3480df7007cb6dcab43d3f725cfd83820c3b42d523253166569b51940554a142"	"wog:claim:time:wog:sit:warriors-go:wog:sit:arrive-kalama"	"0"	"wog:ev:time:wog:sit:warriors-go:wog:sit:arrive-kalama"	"hand-fixture"	"{""status"":""present"",""value"":[]}"	"1"
"3480df7007cb6dcab43d3f725cfd83820c3b42d523253166569b51940554a142"	"wog:claim:time:wog:sit:arrive-kalama:wog:sit:enemy-come-to-water"	"0"	"wog:ev:time:wog:sit:arrive-kalama:wog:sit:enemy-come-to-water"	"hand-fixture"	"{""status"":""present"",""value"":[]}"	"1"
"3480df7007cb6dcab43d3f725cfd83820c3b42d523253166569b51940554a142"	"wog:claim:time:wog:sit:enemy-come-to-water:wog:sit:battle"	"0"	"wog:ev:time:wog:sit:enemy-come-to-water:wog:sit:battle"	"hand-fixture"	"{""status"":""present"",""value"":[]}"	"1"
"3480df7007cb6dcab43d3f725cfd83820c3b42d523253166569b51940554a142"	"wog:claim:time:wog:sit:battle:wog:sit:fellow-shot"	"0"	"wog:ev:time:wog:sit:battle:wog:sit:fellow-shot"	"hand-fixture"	"{""status"":""present"",""value"":[]}"	"1"
"3480df7007cb6dcab43d3f725cfd83820c3b42d523253166569b51940554a142"	"wog:claim:time:wog:sit:battle:wog:sit:ym2-thinks-people"	"0"	"wog:ev:time:wog:sit:battle:wog:sit:ym2-thinks-people"	"hand-fixture"	"{""status"":""present"",""value"":[]}"	"1"
"3480df7007cb6dcab43d3f725cfd83820c3b42d523253166569b51940554a142"	"wog:claim:time:wog:sit:fellow-shot:wog:sit:carry-into-canoe"	"0"	"wog:ev:time:wog:sit:fellow-shot:wog:sit:carry-into-canoe"	"hand-fixture"	"{""status"":""present"",""value"":[]}"	"1"
"3480df7007cb6dcab43d3f725cfd83820c3b42d523253166569b51940554a142"	"wog:claim:time:wog:sit:carry-into-canoe:wog:sit:warriors-say-go-home"	"0"	"wog:ev:time:wog:sit:carry-into-canoe:wog:sit:warriors-say-go-home"	"hand-fixture"	"{""status"":""present"",""value"":[]}"	"1"
"3480df7007cb6dcab43d3f725cfd83820c3b42d523253166569b51940554a142"	"wog:claim:time:wog:sit:warriors-say-go-home:wog:sit:ym2-concludes-ghosts"	"0"	"wog:ev:time:wog:sit:warriors-say-go-home:wog:sit:ym2-concludes-ghosts"	"hand-fixture"	"{""status"":""present"",""value"":[]}"	"1"
"3480df7007cb6dcab43d3f725cfd83820c3b42d523253166569b51940554a142"	"wog:claim:time:wog:sit:ym2-concludes-ghosts:wog:sit:not-feel-sick"	"0"	"wog:ev:time:wog:sit:ym2-concludes-ghosts:wog:sit:not-feel-sick"	"hand-fixture"	"{""status"":""present"",""value"":[]}"	"1"
"3480df7007cb6dcab43d3f725cfd83820c3b42d523253166569b51940554a142"	"wog:claim:time:wog:sit:battle:wog:sit:warriors-go-home"	"0"	"wog:ev:time:wog:sit:battle:wog:sit:warriors-go-home"	"hand-fixture"	"{""status"":""present"",""value"":[]}"	"1"
"3480df7007cb6dcab43d3f725cfd83820c3b42d523253166569b51940554a142"	"wog:claim:time:wog:sit:ym2-concludes-ghosts:wog:sit:warriors-go-home"	"0"	"wog:ev:time:wog:sit:ym2-concludes-ghosts:wog:sit:warriors-go-home"	"hand-fixture"	"{""status"":""present"",""value"":[]}"	"1"
"3480df7007cb6dcab43d3f725cfd83820c3b42d523253166569b51940554a142"	"wog:claim:time:wog:sit:battle:wog:sit:ym2-injured"	"0"	"wog:ev:time:wog:sit:battle:wog:sit:ym2-injured"	"hand-fixture"	"{""status"":""present"",""value"":[]}"	"1"
"3480df7007cb6dcab43d3f725cfd83820c3b42d523253166569b51940554a142"	"wog:claim:time:wog:sit:warriors-go-home:wog:sit:arrive-egulac"	"0"	"wog:ev:time:wog:sit:warriors-go-home:wog:sit:arrive-egulac"	"hand-fixture"	"{""status"":""present"",""value"":[]}"	"1"
"3480df7007cb6dcab43d3f725cfd83820c3b42d523253166569b51940554a142"	"wog:claim:time:wog:sit:arrive-egulac:wog:sit:canoe-lands"	"0"	"wog:ev:time:wog:sit:arrive-egulac:wog:sit:canoe-lands"	"hand-fixture"	"{""status"":""present"",""value"":[]}"	"1"
"3480df7007cb6dcab43d3f725cfd83820c3b42d523253166569b51940554a142"	"wog:claim:time:wog:sit:canoe-lands:wog:sit:ym2-ashore"	"0"	"wog:ev:time:wog:sit:canoe-lands:wog:sit:ym2-ashore"	"hand-fixture"	"{""status"":""present"",""value"":[]}"	"1"
"3480df7007cb6dcab43d3f725cfd83820c3b42d523253166569b51940554a142"	"wog:claim:time:wog:sit:ym2-ashore:wog:sit:warriors-down-river"	"0"	"wog:ev:time:wog:sit:ym2-ashore:wog:sit:warriors-down-river"	"hand-fixture"	"{""status"":""present"",""value"":[]}"	"1"
"3480df7007cb6dcab43d3f725cfd83820c3b42d523253166569b51940554a142"	"wog:claim:time:wog:sit:ym2-ashore:wog:sit:ym2-to-house"	"0"	"wog:ev:time:wog:sit:ym2-ashore:wog:sit:ym2-to-house"	"hand-fixture"	"{""status"":""present"",""value"":[]}"	"1"
"3480df7007cb6dcab43d3f725cfd83820c3b42d523253166569b51940554a142"	"wog:claim:time:wog:sit:ym2-to-house:wog:sit:make-fire"	"0"	"wog:ev:time:wog:sit:ym2-to-house:wog:sit:make-fire"	"hand-fixture"	"{""status"":""present"",""value"":[]}"	"1"
"3480df7007cb6dcab43d3f725cfd83820c3b42d523253166569b51940554a142"	"wog:claim:time:wog:sit:make-fire:wog:sit:recounting"	"0"	"wog:ev:time:wog:sit:make-fire:wog:sit:recounting"	"hand-fixture"	"{""status"":""present"",""value"":[]}"	"1"
"3480df7007cb6dcab43d3f725cfd83820c3b42d523253166569b51940554a142"	"wog:claim:time:wog:sit:recounting:wog:sit:becomes-quiet"	"0"	"wog:ev:time:wog:sit:recounting:wog:sit:becomes-quiet"	"hand-fixture"	"{""status"":""present"",""value"":[]}"	"1"
"3480df7007cb6dcab43d3f725cfd83820c3b42d523253166569b51940554a142"	"wog:claim:time:wog:sit:becomes-quiet:wog:sit:nearly-daylight"	"0"	"wog:ev:time:wog:sit:becomes-quiet:wog:sit:nearly-daylight"	"hand-fixture"	"{""status"":""present"",""value"":[]}"	"1"
"3480df7007cb6dcab43d3f725cfd83820c3b42d523253166569b51940554a142"	"wog:claim:time:wog:sit:becomes-quiet:wog:sit:sun-rises"	"0"	"wog:ev:time:wog:sit:becomes-quiet:wog:sit:sun-rises"	"hand-fixture"	"{""status"":""present"",""value"":[]}"	"1"
"3480df7007cb6dcab43d3f725cfd83820c3b42d523253166569b51940554a142"	"wog:claim:time:wog:sit:sun-rises:wog:sit:falls-down"	"0"	"wog:ev:time:wog:sit:sun-rises:wog:sit:falls-down"	"hand-fixture"	"{""status"":""present"",""value"":[]}"	"1"
"3480df7007cb6dcab43d3f725cfd83820c3b42d523253166569b51940554a142"	"wog:claim:time:wog:sit:falls-down:wog:sit:black-from-mouth"	"0"	"wog:ev:time:wog:sit:falls-down:wog:sit:black-from-mouth"	"hand-fixture"	"{""status"":""present"",""value"":[]}"	"1"
"3480df7007cb6dcab43d3f725cfd83820c3b42d523253166569b51940554a142"	"wog:claim:time:wog:sit:black-from-mouth:wog:sit:blood-from-anus"	"0"	"wog:ev:time:wog:sit:black-from-mouth:wog:sit:blood-from-anus"	"hand-fixture"	"{""status"":""present"",""value"":[]}"	"1"
"3480df7007cb6dcab43d3f725cfd83820c3b42d523253166569b51940554a142"	"wog:claim:time:wog:sit:black-from-mouth:wog:sit:face-contorted"	"0"	"wog:ev:time:wog:sit:black-from-mouth:wog:sit:face-contorted"	"hand-fixture"	"{""status"":""present"",""value"":[]}"	"1"
"3480df7007cb6dcab43d3f725cfd83820c3b42d523253166569b51940554a142"	"wog:claim:time:wog:sit:face-contorted:wog:sit:dead"	"0"	"wog:ev:time:wog:sit:face-contorted:wog:sit:dead"	"hand-fixture"	"{""status"":""present"",""value"":[]}"	"1"
"3480df7007cb6dcab43d3f725cfd83820c3b42d523253166569b51940554a142"	"wog:claim:time:wog:sit:dead:wog:sit:people-cry"	"0"	"wog:ev:time:wog:sit:dead:wog:sit:people-cry"	"hand-fixture"	"{""status"":""present"",""value"":[]}"	"1"
"3480df7007cb6dcab43d3f725cfd83820c3b42d523253166569b51940554a142"	"wog:claim:time:wog:sit:reported-shot:wog:sit:let-us-go-home"	"0"	"wog:ev:time:wog:sit:reported-shot:wog:sit:let-us-go-home"	"hand-fixture"	"{""status"":""present"",""value"":[]}"	"1"
"3480df7007cb6dcab43d3f725cfd83820c3b42d523253166569b51940554a142"	"wog:claim:time:wog:sit:we-fought:wog:sit:many-fellows-killed"	"0"	"wog:ev:time:wog:sit:we-fought:wog:sit:many-fellows-killed"	"hand-fixture"	"{""status"":""present"",""value"":[]}"	"1"
"3480df7007cb6dcab43d3f725cfd83820c3b42d523253166569b51940554a142"	"wog:claim:time:wog:sit:many-fellows-killed:wog:sit:they-said-shot"	"0"	"wog:ev:time:wog:sit:many-fellows-killed:wog:sit:they-said-shot"	"hand-fixture"	"{""status"":""present"",""value"":[]}"	"1"
"3480df7007cb6dcab43d3f725cfd83820c3b42d523253166569b51940554a142"	"wog:claim:time:wog:sit:they-said-shot:wog:sit:i-did-not-feel-sick"	"0"	"wog:ev:time:wog:sit:they-said-shot:wog:sit:i-did-not-feel-sick"	"hand-fixture"	"{""status"":""present"",""value"":[]}"	"1"
"3480df7007cb6dcab43d3f725cfd83820c3b42d523253166569b51940554a142"	"wog:claim:cause:wog:sit:hear-war-cries:wog:sit:think-war-party"	"0"	"wog:ev:cause:wog:sit:hear-war-cries:wog:sit:think-war-party"	"hand-fixture"	"{""status"":""present"",""value"":[]}"	"2"
"3480df7007cb6dcab43d3f725cfd83820c3b42d523253166569b51940554a142"	"wog:claim:cause:wog:sit:think-war-party:wog:sit:hide"	"0"	"wog:ev:cause:wog:sit:think-war-party:wog:sit:hide"	"hand-fixture"	"{""status"":""present"",""value"":[]}"	"2"
"3480df7007cb6dcab43d3f725cfd83820c3b42d523253166569b51940554a142"	"wog:claim:cause:wog:sit:might-be-killed:wog:sit:not-go-along"	"0"	"wog:ev:cause:wog:sit:might-be-killed:wog:sit:not-go-along"	"hand-fixture"	"{""status"":""present"",""value"":[]}"	"1"
"3480df7007cb6dcab43d3f725cfd83820c3b42d523253166569b51940554a142"	"wog:claim:cause:wog:sit:reported-shot:wog:sit:let-us-go-home"	"0"	"wog:ev:cause:wog:sit:reported-shot:wog:sit:let-us-go-home"	"hand-fixture"	"{""status"":""present"",""value"":[]}"	"1"
"3480df7007cb6dcab43d3f725cfd83820c3b42d523253166569b51940554a142"	"wog:claim:cause:wog:sit:warriors-say-go-home:wog:sit:ym2-concludes-ghosts"	"0"	"wog:ev:cause:wog:sit:warriors-say-go-home:wog:sit:ym2-concludes-ghosts"	"hand-fixture"	"{""status"":""present"",""value"":[]}"	"2"
"3480df7007cb6dcab43d3f725cfd83820c3b42d523253166569b51940554a142"	"wog:claim:cause:wog:sit:not-feel-sick:wog:sit:ym2-concludes-ghosts"	"0"	"wog:ev:cause:wog:sit:not-feel-sick:wog:sit:ym2-concludes-ghosts"	"hand-fixture"	"{""status"":""present"",""value"":[]}"	"2"
"3480df7007cb6dcab43d3f725cfd83820c3b42d523253166569b51940554a142"	"wog:claim:cause:wog:sit:fellow-shot:wog:sit:carry-into-canoe"	"0"	"wog:ev:cause:wog:sit:fellow-shot:wog:sit:carry-into-canoe"	"hand-fixture"	"{""status"":""present"",""value"":[]}"	"1"
"3480df7007cb6dcab43d3f725cfd83820c3b42d523253166569b51940554a142"	"wog:claim:cause:wog:sit:ym2-injured:wog:sit:dead"	"0"	"wog:ev:cause:wog:sit:ym2-injured:wog:sit:dead"	"hand-fixture"	"{""status"":""present"",""value"":[]}"	"2"
"3480df7007cb6dcab43d3f725cfd83820c3b42d523253166569b51940554a142"	"wog:claim:cause:wog:sit:ym2-accompanies:wog:sit:dead"	"0"	"wog:ev:cause:wog:sit:ym2-accompanies:wog:sit:dead"	"hand-fixture"	"{""status"":""present"",""value"":[]}"	"2"
"3480df7007cb6dcab43d3f725cfd83820c3b42d523253166569b51940554a142"	"wog:claim:goal:war:go"	"0"	"wog:ev:goal:war:go"	"hand-fixture"	"{""status"":""present"",""value"":[]}"	"2"
"3480df7007cb6dcab43d3f725cfd83820c3b42d523253166569b51940554a142"	"wog:claim:goal:battle:war"	"0"	"wog:ev:goal:battle:war"	"hand-fixture"	"{""status"":""present"",""value"":[]}"	"2"
"3480df7007cb6dcab43d3f725cfd83820c3b42d523253166569b51940554a142"	"wog:claim:goal:wish:speak"	"0"	"wog:ev:goal:wish:speak"	"hand-fixture"	"{""status"":""present"",""value"":[]}"	"2"
"3480df7007cb6dcab43d3f725cfd83820c3b42d523253166569b51940554a142"	"wog:claim:sc:fall:dead"	"0"	"wog:ev:sc:fall:dead"	"hand-fixture"	"{""status"":""present"",""value"":[]}"	"2"
"3480df7007cb6dcab43d3f725cfd83820c3b42d523253166569b51940554a142"	"wog:claim:sc:sun:daylight"	"0"	"wog:ev:sc:sun:daylight"	"hand-fixture"	"{""status"":""present"",""value"":[]}"	"2"
"3480df7007cb6dcab43d3f725cfd83820c3b42d523253166569b51940554a142"	"wog:claim:sc:conclude:people"	"0"	"wog:ev:sc:conclude:people"	"hand-fixture"	"{""status"":""present"",""value"":[]}"	"2"
"3480df7007cb6dcab43d3f725cfd83820c3b42d523253166569b51940554a142"	"wog:claim:sc:conclude:ghosts"	"0"	"wog:ev:sc:conclude:ghosts"	"hand-fixture"	"{""status"":""present"",""value"":[]}"	"1"
"3480df7007cb6dcab43d3f725cfd83820c3b42d523253166569b51940554a142"	"wog:claim:ref:wog:sit:announced-war:wog:sit:battle"	"0"	"wog:ev:ref:wog:sit:announced-war:wog:sit:battle"	"hand-fixture"	"{""status"":""present"",""value"":[]}"	"2"
"3480df7007cb6dcab43d3f725cfd83820c3b42d523253166569b51940554a142"	"wog:claim:ref:wog:sit:relative-left-me:wog:sit:ym2-accompanies"	"0"	"wog:ev:ref:wog:sit:relative-left-me:wog:sit:ym2-accompanies"	"hand-fixture"	"{""status"":""present"",""value"":[]}"	"2"
"3480df7007cb6dcab43d3f725cfd83820c3b42d523253166569b51940554a142"	"wog:claim:ref:wog:sit:ym2-went-with-warriors:wog:sit:ym2-accompanies"	"0"	"wog:ev:ref:wog:sit:ym2-went-with-warriors:wog:sit:ym2-accompanies"	"hand-fixture"	"{""status"":""present"",""value"":[]}"	"2"
"3480df7007cb6dcab43d3f725cfd83820c3b42d523253166569b51940554a142"	"wog:claim:ref:wog:sit:accompanied-ghosts:wog:sit:ym2-accompanies"	"0"	"wog:ev:ref:wog:sit:accompanied-ghosts:wog:sit:ym2-accompanies"	"hand-fixture"	"{""status"":""present"",""value"":[]}"	"2"
"3480df7007cb6dcab43d3f725cfd83820c3b42d523253166569b51940554a142"	"wog:claim:ref:wog:sit:recounting:wog:sit:battle"	"0"	"wog:ev:ref:wog:sit:recounting:wog:sit:battle"	"hand-fixture"	"{""status"":""present"",""value"":[]}"	"2"
"3480df7007cb6dcab43d3f725cfd83820c3b42d523253166569b51940554a142"	"wog:claim:ref:wog:sit:we-fought:wog:sit:battle"	"0"	"wog:ev:ref:wog:sit:we-fought:wog:sit:battle"	"hand-fixture"	"{""status"":""present"",""value"":[]}"	"2"
"3480df7007cb6dcab43d3f725cfd83820c3b42d523253166569b51940554a142"	"wog:claim:ref:wog:sit:many-fellows-killed:wog:sit:fellow-shot"	"0"	"wog:ev:ref:wog:sit:many-fellows-killed:wog:sit:fellow-shot"	"hand-fixture"	"{""status"":""present"",""value"":[]}"	"2"
"3480df7007cb6dcab43d3f725cfd83820c3b42d523253166569b51940554a142"	"wog:claim:ref:wog:sit:they-said-shot:wog:sit:warriors-say-go-home"	"0"	"wog:ev:ref:wog:sit:they-said-shot:wog:sit:warriors-say-go-home"	"hand-fixture"	"{""status"":""present"",""value"":[]}"	"2"
"3480df7007cb6dcab43d3f725cfd83820c3b42d523253166569b51940554a142"	"wog:claim:ref:wog:sit:i-was-shot:wog:sit:reported-shot"	"0"	"wog:ev:ref:wog:sit:i-was-shot:wog:sit:reported-shot"	"hand-fixture"	"{""status"":""present"",""value"":[]}"	"2"
"3480df7007cb6dcab43d3f725cfd83820c3b42d523253166569b51940554a142"	"wog:claim:ref:wog:sit:i-did-not-feel-sick:wog:sit:not-feel-sick"	"0"	"wog:ev:ref:wog:sit:i-did-not-feel-sick:wog:sit:not-feel-sick"	"hand-fixture"	"{""status"":""present"",""value"":[]}"	"2"
"3480df7007cb6dcab43d3f725cfd83820c3b42d523253166569b51940554a142"	"wog:claim:ref:wog:sit:reported-shot:wog:sit:ym2-injured"	"0"	"wog:ev:ref:wog:sit:reported-shot:wog:sit:ym2-injured"	"hand-fixture"	"{""status"":""present"",""value"":[]}"	"1"
"3480df7007cb6dcab43d3f725cfd83820c3b42d523253166569b51940554a142"	"wog:claim:member:wog:ent:young-man-1:wog:ent:young-men"	"0"	"wog:ev:member:wog:ent:young-man-1:wog:ent:young-men"	"hand-fixture"	"{""status"":""present"",""value"":[]}"	"3"
"3480df7007cb6dcab43d3f725cfd83820c3b42d523253166569b51940554a142"	"wog:claim:member:wog:ent:young-man-2:wog:ent:young-men"	"0"	"wog:ev:member:wog:ent:young-man-2:wog:ent:young-men"	"hand-fixture"	"{""status"":""present"",""value"":[]}"	"3"
"3480df7007cb6dcab43d3f725cfd83820c3b42d523253166569b51940554a142"	"wog:claim:member:fellow:warriors"	"0"	"wog:ev:member:fellow:warriors"	"hand-fixture"	"{""status"":""present"",""value"":[]}"	"1"
"3480df7007cb6dcab43d3f725cfd83820c3b42d523253166569b51940554a142"	"wog:claim:contain:wog:seg:ep1-river:wog:seg:story"	"0"	"wog:ev:contain:wog:seg:ep1-river:wog:seg:story"	"hand-fixture"	"{""status"":""present"",""value"":[]}"	"0"
"3480df7007cb6dcab43d3f725cfd83820c3b42d523253166569b51940554a142"	"wog:claim:contain:wog:seg:ep2-expedition:wog:seg:story"	"0"	"wog:ev:contain:wog:seg:ep2-expedition:wog:seg:story"	"hand-fixture"	"{""status"":""present"",""value"":[]}"	"0"
"3480df7007cb6dcab43d3f725cfd83820c3b42d523253166569b51940554a142"	"wog:claim:contain:wog:seg:ep3-return:wog:seg:story"	"0"	"wog:ev:contain:wog:seg:ep3-return:wog:seg:story"	"hand-fixture"	"{""status"":""present"",""value"":[]}"	"0"
"3480df7007cb6dcab43d3f725cfd83820c3b42d523253166569b51940554a142"	"wog:claim:contain:wog:seg:sc1a-hunting:wog:seg:ep1-river"	"0"	"wog:ev:contain:wog:seg:sc1a-hunting:wog:seg:ep1-river"	"hand-fixture"	"{""status"":""present"",""value"":[]}"	"0"
"3480df7007cb6dcab43d3f725cfd83820c3b42d523253166569b51940554a142"	"wog:claim:contain:wog:seg:sc1b-war-cries:wog:seg:ep1-river"	"0"	"wog:ev:contain:wog:seg:sc1b-war-cries:wog:seg:ep1-river"	"hand-fixture"	"{""status"":""present"",""value"":[]}"	"0"
"3480df7007cb6dcab43d3f725cfd83820c3b42d523253166569b51940554a142"	"wog:claim:contain:wog:seg:sc1c-canoe-arrives:wog:seg:ep1-river"	"0"	"wog:ev:contain:wog:seg:sc1c-canoe-arrives:wog:seg:ep1-river"	"hand-fixture"	"{""status"":""present"",""value"":[]}"	"0"
"3480df7007cb6dcab43d3f725cfd83820c3b42d523253166569b51940554a142"	"wog:claim:contain:wog:seg:sc2a-invitation:wog:seg:ep2-expedition"	"0"	"wog:ev:contain:wog:seg:sc2a-invitation:wog:seg:ep2-expedition"	"hand-fixture"	"{""status"":""present"",""value"":[]}"	"0"
"3480df7007cb6dcab43d3f725cfd83820c3b42d523253166569b51940554a142"	"wog:claim:contain:wog:seg:sc2b-parting:wog:seg:ep2-expedition"	"0"	"wog:ev:contain:wog:seg:sc2b-parting:wog:seg:ep2-expedition"	"hand-fixture"	"{""status"":""present"",""value"":[]}"	"0"
"3480df7007cb6dcab43d3f725cfd83820c3b42d523253166569b51940554a142"	"wog:claim:contain:wog:seg:sc2c-journey-battle:wog:seg:ep2-expedition"	"0"	"wog:ev:contain:wog:seg:sc2c-journey-battle:wog:seg:ep2-expedition"	"hand-fixture"	"{""status"":""present"",""value"":[]}"	"0"
"3480df7007cb6dcab43d3f725cfd83820c3b42d523253166569b51940554a142"	"wog:claim:contain:wog:seg:sc3a-retreat:wog:seg:ep3-return"	"0"	"wog:ev:contain:wog:seg:sc3a-retreat:wog:seg:ep3-return"	"hand-fixture"	"{""status"":""present"",""value"":[]}"	"0"
"3480df7007cb6dcab43d3f725cfd83820c3b42d523253166569b51940554a142"	"wog:claim:contain:wog:seg:sc3b-recounting:wog:seg:ep3-return"	"0"	"wog:ev:contain:wog:seg:sc3b-recounting:wog:seg:ep3-return"	"hand-fixture"	"{""status"":""present"",""value"":[]}"	"0"
"3480df7007cb6dcab43d3f725cfd83820c3b42d523253166569b51940554a142"	"wog:claim:contain:wog:seg:sc3c-death:wog:seg:ep3-return"	"0"	"wog:ev:contain:wog:seg:sc3c-death:wog:seg:ep3-return"	"hand-fixture"	"{""status"":""present"",""value"":[]}"	"0"
"3480df7007cb6dcab43d3f725cfd83820c3b42d523253166569b51940554a142"	"wog:claim:contain:wog:sit:people-at-egulac:wog:seg:sc1a-hunting"	"0"	"wog:ev:contain:wog:sit:people-at-egulac:wog:seg:sc1a-hunting"	"hand-fixture"	"{""status"":""present"",""value"":[]}"	"0"
"3480df7007cb6dcab43d3f725cfd83820c3b42d523253166569b51940554a142"	"wog:claim:contain:wog:sit:hunt-seals:wog:seg:sc1a-hunting"	"0"	"wog:ev:contain:wog:sit:hunt-seals:wog:seg:sc1a-hunting"	"hand-fixture"	"{""status"":""present"",""value"":[]}"	"0"
"3480df7007cb6dcab43d3f725cfd83820c3b42d523253166569b51940554a142"	"wog:claim:contain:wog:sit:down-river:wog:seg:sc1a-hunting"	"0"	"wog:ev:contain:wog:sit:down-river:wog:seg:sc1a-hunting"	"hand-fixture"	"{""status"":""present"",""value"":[]}"	"0"
"3480df7007cb6dcab43d3f725cfd83820c3b42d523253166569b51940554a142"	"wog:claim:contain:wog:sit:fog-calm:wog:seg:sc1a-hunting"	"0"	"wog:ev:contain:wog:sit:fog-calm:wog:seg:sc1a-hunting"	"hand-fixture"	"{""status"":""present"",""value"":[]}"	"0"
"3480df7007cb6dcab43d3f725cfd83820c3b42d523253166569b51940554a142"	"wog:claim:contain:wog:sit:hear-war-cries:wog:seg:sc1b-war-cries"	"0"	"wog:ev:contain:wog:sit:hear-war-cries:wog:seg:sc1b-war-cries"	"hand-fixture"	"{""status"":""present"",""value"":[]}"	"0"
"3480df7007cb6dcab43d3f725cfd83820c3b42d523253166569b51940554a142"	"wog:claim:contain:wog:sit:think-war-party:wog:seg:sc1b-war-cries"	"0"	"wog:ev:contain:wog:sit:think-war-party:wog:seg:sc1b-war-cries"	"hand-fixture"	"{""status"":""present"",""value"":[]}"	"0"
"3480df7007cb6dcab43d3f725cfd83820c3b42d523253166569b51940554a142"	"wog:claim:contain:wog:sit:war-party-present:wog:seg:sc1b-war-cries"	"0"	"wog:ev:contain:wog:sit:war-party-present:wog:seg:sc1b-war-cries"	"hand-fixture"	"{""status"":""present"",""value"":[]}"	"0"
"3480df7007cb6dcab43d3f725cfd83820c3b42d523253166569b51940554a142"	"wog:claim:contain:wog:sit:hide:wog:seg:sc1b-war-cries"	"0"	"wog:ev:contain:wog:sit:hide:wog:seg:sc1b-war-cries"	"hand-fixture"	"{""status"":""present"",""value"":[]}"	"0"
"3480df7007cb6dcab43d3f725cfd83820c3b42d523253166569b51940554a142"	"wog:claim:contain:wog:sit:canoes-come-up:wog:seg:sc1b-war-cries"	"0"	"wog:ev:contain:wog:sit:canoes-come-up:wog:seg:sc1b-war-cries"	"hand-fixture"	"{""status"":""present"",""value"":[]}"	"0"
"3480df7007cb6dcab43d3f725cfd83820c3b42d523253166569b51940554a142"	"wog:claim:contain:wog:sit:hear-paddles:wog:seg:sc1b-war-cries"	"0"	"wog:ev:contain:wog:sit:hear-paddles:wog:seg:sc1b-war-cries"	"hand-fixture"	"{""status"":""present"",""value"":[]}"	"0"
"3480df7007cb6dcab43d3f725cfd83820c3b42d523253166569b51940554a142"	"wog:claim:contain:wog:sit:see-canoe:wog:seg:sc1c-canoe-arrives"	"0"	"wog:ev:contain:wog:sit:see-canoe:wog:seg:sc1c-canoe-arrives"	"hand-fixture"	"{""status"":""present"",""value"":[]}"	"0"
"3480df7007cb6dcab43d3f725cfd83820c3b42d523253166569b51940554a142"	"wog:claim:contain:wog:sit:five-men-in-canoe:wog:seg:sc1c-canoe-arrives"	"0"	"wog:ev:contain:wog:sit:five-men-in-canoe:wog:seg:sc1c-canoe-arrives"	"hand-fixture"	"{""status"":""present"",""value"":[]}"	"0"
"3480df7007cb6dcab43d3f725cfd83820c3b42d523253166569b51940554a142"	"wog:claim:contain:wog:sit:warriors-speak:wog:seg:sc2a-invitation"	"0"	"wog:ev:contain:wog:sit:warriors-speak:wog:seg:sc2a-invitation"	"hand-fixture"	"{""status"":""present"",""value"":[]}"	"0"
"3480df7007cb6dcab43d3f725cfd83820c3b42d523253166569b51940554a142"	"wog:claim:contain:wog:sit:wish-take-along:wog:seg:sc2a-invitation"	"0"	"wog:ev:contain:wog:sit:wish-take-along:wog:seg:sc2a-invitation"	"hand-fixture"	"{""status"":""present"",""value"":[]}"	"0"
"3480df7007cb6dcab43d3f725cfd83820c3b42d523253166569b51940554a142"	"wog:claim:contain:wog:sit:announced-war:wog:seg:sc2a-invitation"	"0"	"wog:ev:contain:wog:sit:announced-war:wog:seg:sc2a-invitation"	"hand-fixture"	"{""status"":""present"",""value"":[]}"	"0"
"3480df7007cb6dcab43d3f725cfd83820c3b42d523253166569b51940554a142"	"wog:claim:contain:wog:sit:ym1-says-no-arrows:wog:seg:sc2a-invitation"	"0"	"wog:ev:contain:wog:sit:ym1-says-no-arrows:wog:seg:sc2a-invitation"	"hand-fixture"	"{""status"":""present"",""value"":[]}"	"0"
"3480df7007cb6dcab43d3f725cfd83820c3b42d523253166569b51940554a142"	"wog:claim:contain:wog:sit:lack-arrows:wog:seg:sc2a-invitation"	"0"	"wog:ev:contain:wog:sit:lack-arrows:wog:seg:sc2a-invitation"	"hand-fixture"	"{""status"":""present"",""value"":[]}"	"0"
"3480df7007cb6dcab43d3f725cfd83820c3b42d523253166569b51940554a142"	"wog:claim:contain:wog:sit:warriors-say-arrows:wog:seg:sc2a-invitation"	"0"	"wog:ev:contain:wog:sit:warriors-say-arrows:wog:seg:sc2a-invitation"	"hand-fixture"	"{""status"":""present"",""value"":[]}"	"0"
"3480df7007cb6dcab43d3f725cfd83820c3b42d523253166569b51940554a142"	"wog:claim:contain:wog:sit:arrows-in-canoe:wog:seg:sc2a-invitation"	"0"	"wog:ev:contain:wog:sit:arrows-in-canoe:wog:seg:sc2a-invitation"	"hand-fixture"	"{""status"":""present"",""value"":[]}"	"0"
"3480df7007cb6dcab43d3f725cfd83820c3b42d523253166569b51940554a142"	"wog:claim:contain:wog:sit:ym1-declines:wog:seg:sc2a-invitation"	"0"	"wog:ev:contain:wog:sit:ym1-declines:wog:seg:sc2a-invitation"	"hand-fixture"	"{""status"":""present"",""value"":[]}"	"0"
"3480df7007cb6dcab43d3f725cfd83820c3b42d523253166569b51940554a142"	"wog:claim:contain:wog:sit:not-go-along:wog:seg:sc2a-invitation"	"0"	"wog:ev:contain:wog:sit:not-go-along:wog:seg:sc2a-invitation"	"hand-fixture"	"{""status"":""present"",""value"":[]}"	"0"
"3480df7007cb6dcab43d3f725cfd83820c3b42d523253166569b51940554a142"	"wog:claim:contain:wog:sit:might-be-killed:wog:seg:sc2a-invitation"	"0"	"wog:ev:contain:wog:sit:might-be-killed:wog:seg:sc2a-invitation"	"hand-fixture"	"{""status"":""present"",""value"":[]}"	"0"
"3480df7007cb6dcab43d3f725cfd83820c3b42d523253166569b51940554a142"	"wog:claim:contain:wog:sit:relatives-not-know:wog:seg:sc2a-invitation"	"0"	"wog:ev:contain:wog:sit:relatives-not-know:wog:seg:sc2a-invitation"	"hand-fixture"	"{""status"":""present"",""value"":[]}"	"0"
"3480df7007cb6dcab43d3f725cfd83820c3b42d523253166569b51940554a142"	"wog:claim:contain:wog:sit:you-may-go:wog:seg:sc2a-invitation"	"0"	"wog:ev:contain:wog:sit:you-may-go:wog:seg:sc2a-invitation"	"hand-fixture"	"{""status"":""present"",""value"":[]}"	"0"
"3480df7007cb6dcab43d3f725cfd83820c3b42d523253166569b51940554a142"	"wog:claim:contain:wog:sit:ym2-accompanies:wog:seg:sc2b-parting"	"0"	"wog:ev:contain:wog:sit:ym2-accompanies:wog:seg:sc2b-parting"	"hand-fixture"	"{""status"":""present"",""value"":[]}"	"0"
"3480df7007cb6dcab43d3f725cfd83820c3b42d523253166569b51940554a142"	"wog:claim:contain:wog:sit:ym2-enters-canoe:wog:seg:sc2b-parting"	"0"	"wog:ev:contain:wog:sit:ym2-enters-canoe:wog:seg:sc2b-parting"	"hand-fixture"	"{""status"":""present"",""value"":[]}"	"0"
"3480df7007cb6dcab43d3f725cfd83820c3b42d523253166569b51940554a142"	"wog:claim:contain:wog:sit:ym1-goes-home:wog:seg:sc2b-parting"	"0"	"wog:ev:contain:wog:sit:ym1-goes-home:wog:seg:sc2b-parting"	"hand-fixture"	"{""status"":""present"",""value"":[]}"	"0"
"3480df7007cb6dcab43d3f725cfd83820c3b42d523253166569b51940554a142"	"wog:claim:contain:wog:sit:ym1-returns-midnight:wog:seg:sc2b-parting"	"0"	"wog:ev:contain:wog:sit:ym1-returns-midnight:wog:seg:sc2b-parting"	"hand-fixture"	"{""status"":""present"",""value"":[]}"	"0"
"3480df7007cb6dcab43d3f725cfd83820c3b42d523253166569b51940554a142"	"wog:claim:contain:wog:sit:ym1-reports:wog:seg:sc2b-parting"	"0"	"wog:ev:contain:wog:sit:ym1-reports:wog:seg:sc2b-parting"	"hand-fixture"	"{""status"":""present"",""value"":[]}"	"0"
"3480df7007cb6dcab43d3f725cfd83820c3b42d523253166569b51940554a142"	"wog:claim:contain:wog:sit:relative-left-me:wog:seg:sc2b-parting"	"0"	"wog:ev:contain:wog:sit:relative-left-me:wog:seg:sc2b-parting"	"hand-fixture"	"{""status"":""present"",""value"":[]}"	"0"
"3480df7007cb6dcab43d3f725cfd83820c3b42d523253166569b51940554a142"	"wog:claim:contain:wog:sit:ym2-went-with-warriors:wog:seg:sc2b-parting"	"0"	"wog:ev:contain:wog:sit:ym2-went-with-warriors:wog:seg:sc2b-parting"	"hand-fixture"	"{""status"":""present"",""value"":[]}"	"0"
"3480df7007cb6dcab43d3f725cfd83820c3b42d523253166569b51940554a142"	"wog:claim:contain:wog:sit:warriors-go:wog:seg:sc2c-journey-battle"	"0"	"wog:ev:contain:wog:sit:warriors-go:wog:seg:sc2c-journey-battle"	"hand-fixture"	"{""status"":""present"",""value"":[]}"	"0"
"3480df7007cb6dcab43d3f725cfd83820c3b42d523253166569b51940554a142"	"wog:claim:contain:wog:sit:talk-in-canoe:wog:seg:sc2c-journey-battle"	"0"	"wog:ev:contain:wog:sit:talk-in-canoe:wog:seg:sc2c-journey-battle"	"hand-fixture"	"{""status"":""present"",""value"":[]}"	"0"
"3480df7007cb6dcab43d3f725cfd83820c3b42d523253166569b51940554a142"	"wog:claim:contain:wog:sit:arrive-kalama:wog:seg:sc2c-journey-battle"	"0"	"wog:ev:contain:wog:sit:arrive-kalama:wog:seg:sc2c-journey-battle"	"hand-fixture"	"{""status"":""present"",""value"":[]}"	"0"
"3480df7007cb6dcab43d3f725cfd83820c3b42d523253166569b51940554a142"	"wog:claim:contain:wog:sit:enemy-come-to-water:wog:seg:sc2c-journey-battle"	"0"	"wog:ev:contain:wog:sit:enemy-come-to-water:wog:seg:sc2c-journey-battle"	"hand-fixture"	"{""status"":""present"",""value"":[]}"	"0"
"3480df7007cb6dcab43d3f725cfd83820c3b42d523253166569b51940554a142"	"wog:claim:contain:wog:sit:battle:wog:seg:sc2c-journey-battle"	"0"	"wog:ev:contain:wog:sit:battle:wog:seg:sc2c-journey-battle"	"hand-fixture"	"{""status"":""present"",""value"":[]}"	"0"
"3480df7007cb6dcab43d3f725cfd83820c3b42d523253166569b51940554a142"	"wog:claim:contain:wog:sit:ym2-thinks-people:wog:seg:sc2c-journey-battle"	"0"	"wog:ev:contain:wog:sit:ym2-thinks-people:wog:seg:sc2c-journey-battle"	"hand-fixture"	"{""status"":""present"",""value"":[]}"	"0"
"3480df7007cb6dcab43d3f725cfd83820c3b42d523253166569b51940554a142"	"wog:claim:contain:wog:sit:warriors-are-people:wog:seg:sc2c-journey-battle"	"0"	"wog:ev:contain:wog:sit:warriors-are-people:wog:seg:sc2c-journey-battle"	"hand-fixture"	"{""status"":""present"",""value"":[]}"	"0"
"3480df7007cb6dcab43d3f725cfd83820c3b42d523253166569b51940554a142"	"wog:claim:contain:wog:sit:fellow-shot:wog:seg:sc2c-journey-battle"	"0"	"wog:ev:contain:wog:sit:fellow-shot:wog:seg:sc2c-journey-battle"	"hand-fixture"	"{""status"":""present"",""value"":[]}"	"0"
"3480df7007cb6dcab43d3f725cfd83820c3b42d523253166569b51940554a142"	"wog:claim:contain:wog:sit:carry-into-canoe:wog:seg:sc2c-journey-battle"	"0"	"wog:ev:contain:wog:sit:carry-into-canoe:wog:seg:sc2c-journey-battle"	"hand-fixture"	"{""status"":""present"",""value"":[]}"	"0"
"3480df7007cb6dcab43d3f725cfd83820c3b42d523253166569b51940554a142"	"wog:claim:contain:wog:sit:warriors-say-go-home:wog:seg:sc3a-retreat"	"0"	"wog:ev:contain:wog:sit:warriors-say-go-home:wog:seg:sc3a-retreat"	"hand-fixture"	"{""status"":""present"",""value"":[]}"	"0"
"3480df7007cb6dcab43d3f725cfd83820c3b42d523253166569b51940554a142"	"wog:claim:contain:wog:sit:let-us-go-home:wog:seg:sc3a-retreat"	"0"	"wog:ev:contain:wog:sit:let-us-go-home:wog:seg:sc3a-retreat"	"hand-fixture"	"{""status"":""present"",""value"":[]}"	"0"
"3480df7007cb6dcab43d3f725cfd83820c3b42d523253166569b51940554a142"	"wog:claim:contain:wog:sit:reported-shot:wog:seg:sc3a-retreat"	"0"	"wog:ev:contain:wog:sit:reported-shot:wog:seg:sc3a-retreat"	"hand-fixture"	"{""status"":""present"",""value"":[]}"	"0"
"3480df7007cb6dcab43d3f725cfd83820c3b42d523253166569b51940554a142"	"wog:claim:contain:wog:sit:ym2-concludes-ghosts:wog:seg:sc3a-retreat"	"0"	"wog:ev:contain:wog:sit:ym2-concludes-ghosts:wog:seg:sc3a-retreat"	"hand-fixture"	"{""status"":""present"",""value"":[]}"	"0"
"3480df7007cb6dcab43d3f725cfd83820c3b42d523253166569b51940554a142"	"wog:claim:contain:wog:sit:warriors-are-ghosts:wog:seg:sc3a-retreat"	"0"	"wog:ev:contain:wog:sit:warriors-are-ghosts:wog:seg:sc3a-retreat"	"hand-fixture"	"{""status"":""present"",""value"":[]}"	"0"
"3480df7007cb6dcab43d3f725cfd83820c3b42d523253166569b51940554a142"	"wog:claim:contain:wog:sit:not-feel-sick:wog:seg:sc3a-retreat"	"0"	"wog:ev:contain:wog:sit:not-feel-sick:wog:seg:sc3a-retreat"	"hand-fixture"	"{""status"":""present"",""value"":[]}"	"0"
"3480df7007cb6dcab43d3f725cfd83820c3b42d523253166569b51940554a142"	"wog:claim:contain:wog:sit:warriors-go-home:wog:seg:sc3a-retreat"	"0"	"wog:ev:contain:wog:sit:warriors-go-home:wog:seg:sc3a-retreat"	"hand-fixture"	"{""status"":""present"",""value"":[]}"	"0"
"3480df7007cb6dcab43d3f725cfd83820c3b42d523253166569b51940554a142"	"wog:claim:contain:wog:sit:arrive-egulac:wog:seg:sc3a-retreat"	"0"	"wog:ev:contain:wog:sit:arrive-egulac:wog:seg:sc3a-retreat"	"hand-fixture"	"{""status"":""present"",""value"":[]}"	"0"
"3480df7007cb6dcab43d3f725cfd83820c3b42d523253166569b51940554a142"	"wog:claim:contain:wog:sit:canoe-lands:wog:seg:sc3a-retreat"	"0"	"wog:ev:contain:wog:sit:canoe-lands:wog:seg:sc3a-retreat"	"hand-fixture"	"{""status"":""present"",""value"":[]}"	"0"
"3480df7007cb6dcab43d3f725cfd83820c3b42d523253166569b51940554a142"	"wog:claim:contain:wog:sit:ym2-ashore:wog:seg:sc3a-retreat"	"0"	"wog:ev:contain:wog:sit:ym2-ashore:wog:seg:sc3a-retreat"	"hand-fixture"	"{""status"":""present"",""value"":[]}"	"0"
"3480df7007cb6dcab43d3f725cfd83820c3b42d523253166569b51940554a142"	"wog:claim:contain:wog:sit:warriors-down-river:wog:seg:sc3a-retreat"	"0"	"wog:ev:contain:wog:sit:warriors-down-river:wog:seg:sc3a-retreat"	"hand-fixture"	"{""status"":""present"",""value"":[]}"	"0"
"3480df7007cb6dcab43d3f725cfd83820c3b42d523253166569b51940554a142"	"wog:claim:contain:wog:sit:ym2-to-house:wog:seg:sc3b-recounting"	"0"	"wog:ev:contain:wog:sit:ym2-to-house:wog:seg:sc3b-recounting"	"hand-fixture"	"{""status"":""present"",""value"":[]}"	"0"
"3480df7007cb6dcab43d3f725cfd83820c3b42d523253166569b51940554a142"	"wog:claim:contain:wog:sit:make-fire:wog:seg:sc3b-recounting"	"0"	"wog:ev:contain:wog:sit:make-fire:wog:seg:sc3b-recounting"	"hand-fixture"	"{""status"":""present"",""value"":[]}"	"0"
"3480df7007cb6dcab43d3f725cfd83820c3b42d523253166569b51940554a142"	"wog:claim:contain:wog:sit:recounting:wog:seg:sc3b-recounting"	"0"	"wog:ev:contain:wog:sit:recounting:wog:seg:sc3b-recounting"	"hand-fixture"	"{""status"":""present"",""value"":[]}"	"0"
"3480df7007cb6dcab43d3f725cfd83820c3b42d523253166569b51940554a142"	"wog:claim:contain:wog:sit:accompanied-ghosts:wog:seg:sc3b-recounting"	"0"	"wog:ev:contain:wog:sit:accompanied-ghosts:wog:seg:sc3b-recounting"	"hand-fixture"	"{""status"":""present"",""value"":[]}"	"0"
"3480df7007cb6dcab43d3f725cfd83820c3b42d523253166569b51940554a142"	"wog:claim:contain:wog:sit:we-fought:wog:seg:sc3b-recounting"	"0"	"wog:ev:contain:wog:sit:we-fought:wog:seg:sc3b-recounting"	"hand-fixture"	"{""status"":""present"",""value"":[]}"	"0"
"3480df7007cb6dcab43d3f725cfd83820c3b42d523253166569b51940554a142"	"wog:claim:contain:wog:sit:many-fellows-killed:wog:seg:sc3b-recounting"	"0"	"wog:ev:contain:wog:sit:many-fellows-killed:wog:seg:sc3b-recounting"	"hand-fixture"	"{""status"":""present"",""value"":[]}"	"0"
"3480df7007cb6dcab43d3f725cfd83820c3b42d523253166569b51940554a142"	"wog:claim:contain:wog:sit:many-enemy-killed:wog:seg:sc3b-recounting"	"0"	"wog:ev:contain:wog:sit:many-enemy-killed:wog:seg:sc3b-recounting"	"hand-fixture"	"{""status"":""present"",""value"":[]}"	"0"
"3480df7007cb6dcab43d3f725cfd83820c3b42d523253166569b51940554a142"	"wog:claim:contain:wog:sit:they-said-shot:wog:seg:sc3b-recounting"	"0"	"wog:ev:contain:wog:sit:they-said-shot:wog:seg:sc3b-recounting"	"hand-fixture"	"{""status"":""present"",""value"":[]}"	"0"
"3480df7007cb6dcab43d3f725cfd83820c3b42d523253166569b51940554a142"	"wog:claim:contain:wog:sit:i-was-shot:wog:seg:sc3b-recounting"	"0"	"wog:ev:contain:wog:sit:i-was-shot:wog:seg:sc3b-recounting"	"hand-fixture"	"{""status"":""present"",""value"":[]}"	"0"
"3480df7007cb6dcab43d3f725cfd83820c3b42d523253166569b51940554a142"	"wog:claim:contain:wog:sit:i-did-not-feel-sick:wog:seg:sc3b-recounting"	"0"	"wog:ev:contain:wog:sit:i-did-not-feel-sick:wog:seg:sc3b-recounting"	"hand-fixture"	"{""status"":""present"",""value"":[]}"	"0"
"3480df7007cb6dcab43d3f725cfd83820c3b42d523253166569b51940554a142"	"wog:claim:contain:wog:sit:becomes-quiet:wog:seg:sc3b-recounting"	"0"	"wog:ev:contain:wog:sit:becomes-quiet:wog:seg:sc3b-recounting"	"hand-fixture"	"{""status"":""present"",""value"":[]}"	"0"
"3480df7007cb6dcab43d3f725cfd83820c3b42d523253166569b51940554a142"	"wog:claim:contain:wog:sit:nearly-daylight:wog:seg:sc3b-recounting"	"0"	"wog:ev:contain:wog:sit:nearly-daylight:wog:seg:sc3b-recounting"	"hand-fixture"	"{""status"":""present"",""value"":[]}"	"0"
"3480df7007cb6dcab43d3f725cfd83820c3b42d523253166569b51940554a142"	"wog:claim:contain:wog:sit:sun-rises:wog:seg:sc3c-death"	"0"	"wog:ev:contain:wog:sit:sun-rises:wog:seg:sc3c-death"	"hand-fixture"	"{""status"":""present"",""value"":[]}"	"0"
"3480df7007cb6dcab43d3f725cfd83820c3b42d523253166569b51940554a142"	"wog:claim:contain:wog:sit:falls-down:wog:seg:sc3c-death"	"0"	"wog:ev:contain:wog:sit:falls-down:wog:seg:sc3c-death"	"hand-fixture"	"{""status"":""present"",""value"":[]}"	"0"
"3480df7007cb6dcab43d3f725cfd83820c3b42d523253166569b51940554a142"	"wog:claim:contain:wog:sit:black-from-mouth:wog:seg:sc3c-death"	"0"	"wog:ev:contain:wog:sit:black-from-mouth:wog:seg:sc3c-death"	"hand-fixture"	"{""status"":""present"",""value"":[]}"	"0"
"3480df7007cb6dcab43d3f725cfd83820c3b42d523253166569b51940554a142"	"wog:claim:contain:wog:sit:blood-from-anus:wog:seg:sc3c-death"	"0"	"wog:ev:contain:wog:sit:blood-from-anus:wog:seg:sc3c-death"	"hand-fixture"	"{""status"":""present"",""value"":[]}"	"0"
"3480df7007cb6dcab43d3f725cfd83820c3b42d523253166569b51940554a142"	"wog:claim:contain:wog:sit:face-contorted:wog:seg:sc3c-death"	"0"	"wog:ev:contain:wog:sit:face-contorted:wog:seg:sc3c-death"	"hand-fixture"	"{""status"":""present"",""value"":[]}"	"0"
"3480df7007cb6dcab43d3f725cfd83820c3b42d523253166569b51940554a142"	"wog:claim:contain:wog:sit:dead:wog:seg:sc3c-death"	"0"	"wog:ev:contain:wog:sit:dead:wog:seg:sc3c-death"	"hand-fixture"	"{""status"":""present"",""value"":[]}"	"0"
"3480df7007cb6dcab43d3f725cfd83820c3b42d523253166569b51940554a142"	"wog:claim:contain:wog:sit:people-cry:wog:seg:sc3c-death"	"0"	"wog:ev:contain:wog:sit:people-cry:wog:seg:sc3c-death"	"hand-fixture"	"{""status"":""present"",""value"":[]}"	"0"
"3480df7007cb6dcab43d3f725cfd83820c3b42d523253166569b51940554a142"	"wog:claim:contain:wog:sit:ym2-injured:wog:seg:sc3a-retreat"	"0"	"wog:ev:contain:wog:sit:ym2-injured:wog:seg:sc3a-retreat"	"hand-fixture"	"{""status"":""present"",""value"":[]}"	"0"
"3480df7007cb6dcab43d3f725cfd83820c3b42d523253166569b51940554a142"	"wog:claim:contain:theme:we-fought"	"0"	"wog:ev:contain:theme:we-fought"	"hand-fixture"	"{""status"":""present"",""value"":[]}"	"1"
