"model_digest"	"claim_id"	"member_kind"	"member"	"parent"	"hierarchy_kind"	"weight"	"claim_status"
"3480df7007cb6dcab43d3f725cfd83820c3b42d523253166569b51940554a142"	"wog:claim:contain:wog:seg:ep1-river:wog:seg:story"	"segment"	"wog:seg:ep1-river"	"wog:seg:story"	"PrimarySegmentation"	"0x3ff0000000000000"	"HumanAdjudicated"
"3480df7007cb6dcab43d3f725cfd83820c3b42d523253166569b51940554a142"	"wog:claim:contain:wog:seg:ep2-expedition:wog:seg:story"	"segment"	"wog:seg:ep2-expedition"	"wog:seg:story"	"PrimarySegmentation"	"0x3ff0000000000000"	"HumanAdjudicated"
"3480df7007cb6dcab43d3f725cfd83820c3b42d523253166569b51940554a142"	"wog:claim:contain:wog:seg:ep3-return:wog:seg:story"	"segment"	"wog:seg:ep3-return"	"wog:seg:story"	"PrimarySegmentation"	"0x3ff0000000000000"	"HumanAdjudicated"
"3480df7007cb6dcab43d3f725cfd83820c3b42d523253166569b51940554a142"	"wog:claim:contain:wog:seg:sc1a-hunting:wog:seg:ep1-river"	"segment"	"wog:seg:sc1a-hunting"	"wog:seg:ep1-river"	"PrimarySegmentation"	"0x3ff0000000000000"	"HumanAdjudicated"
"3480df7007cb6dcab43d3f725cfd83820c3b42d523253166569b51940554a142"	"wog:claim:contain:wog:seg:sc1b-war-cries:wog:seg:ep1-river"	"segment"	"wog:seg:sc1b-war-cries"	"wog:seg:ep1-river"	"PrimarySegmentation"	"0x3ff0000000000000"	"HumanAdjudicated"
"3480df7007cb6dcab43d3f725cfd83820c3b42d523253166569b51940554a142"	"wog:claim:contain:wog:seg:sc1c-canoe-arrives:wog:seg:ep1-river"	"segment"	"wog:seg:sc1c-canoe-arrives"	"wog:seg:ep1-river"	"PrimarySegmentation"	"0x3ff0000000000000"	"HumanAdjudicated"
"3480df7007cb6dcab43d3f725cfd83820c3b42d523253166569b51940554a142"	"wog:claim:contain:wog:seg:sc2a-invitation:wog:seg:ep2-expedition"	"segment"	"wog:seg:sc2a-invitation"	"wog:seg:ep2-expedition"	"PrimarySegmentation"	"0x3ff0000000000000"	"HumanAdjudicated"
"3480df7007cb6dcab43d3f725cfd83820c3b42d523253166569b51940554a142"	"wog:claim:contain:wog:seg:sc2b-parting:wog:seg:ep2-expedition"	"segment"	"wog:seg:sc2b-parting"	"wog:seg:ep2-expedition"	"PrimarySegmentation"	"0x3ff0000000000000"	"HumanAdjudicated"
"3480df7007cb6dcab43d3f725cfd83820c3b42d523253166569b51940554a142"	"wog:claim:contain:wog:seg:sc2c-journey-battle:wog:seg:ep2-expedition"	"segment"	"wog:seg:sc2c-journey-battle"	"wog:seg:ep2-expedition"	"PrimarySegmentation"	"0x3ff0000000000000"	"HumanAdjudicated"
"3480df7007cb6dcab43d3f725cfd83820c3b42d523253166569b51940554a142"	"wog:claim:contain:wog:seg:sc3a-retreat:wog:seg:ep3-return"	"segment"	"wog:seg:sc3a-retreat"	"wog:seg:ep3-return"	"PrimarySegmentation"	"0x3ff0000000000000"	"HumanAdjudicated"
"3480df7007cb6dcab43d3f725cfd83820c3b42d523253166569b51940554a142"	"wog:claim:contain:wog:seg:sc3b-recounting:wog:seg:ep3-return"	"segment"	"wog:seg:sc3b-recounting"	"wog:seg:ep3-return"	"PrimarySegmentation"	"0x3ff0000000000000"	"HumanAdjudicated"
"3480df7007cb6dcab43d3f725cfd83820c3b42d523253166569b51940554a142"	"wog:claim:contain:wog:seg:sc3c-death:wog:seg:ep3-return"	"segment"	"wog:seg:sc3c-death"	"wog:seg:ep3-return"	"PrimarySegmentation"	"0x3ff0000000000000"	"HumanAdjudicated"
"3480df7007cb6dcab43d3f725cfd83820c3b42d523253166569b51940554a142"	"wog:claim:contain:wog:sit:people-at-egulac:wog:seg:sc1a-hunting"	"situation"	"wog:sit:people-at-egulac"	"wog:seg:sc1a-hunting"	"PrimarySegmentation"	"0x3ff0000000000000"	"HumanAdjudicated"
"3480df7007cb6dcab43d3f725cfd83820c3b42d523253166569b51940554a142"	"wog:claim:contain:wog:sit:hunt-seals:wog:seg:sc1a-hunting"	"situation"	"wog:sit:hunt-seals"	"wog:seg:sc1a-hunting"	"PrimarySegmentation"	"0x3ff0000000000000"	"HumanAdjudicated"
"3480df7007cb6dcab43d3f725cfd83820c3b42d523253166569b51940554a142"	"wog:claim:contain:wog:sit:down-river:wog:seg:sc1a-hunting"	"situation"	"wog:sit:down-river"	"wog:seg:sc1a-hunting"	"PrimarySegmentation"	"0x3ff0000000000000"	"HumanAdjudicated"
"3480df7007cb6dcab43d3f725cfd83820c3b42d523253166569b51940554a142"	"wog:claim:contain:wog:sit:fog-calm:wog:seg:sc1a-hunting"	"situation"	"wog:sit:fog-calm"	"wog:seg:sc1a-hunting"	"PrimarySegmentation"	"0x3ff0000000000000"	"HumanAdjudicated"
"3480df7007cb6dcab43d3f725cfd83820c3b42d523253166569b51940554a142"	"wog:claim:contain:wog:sit:hear-war-cries:wog:seg:sc1b-war-cries"	"situation"	"wog:sit:hear-war-cries"	"wog:seg:sc1b-war-cries"	"PrimarySegmentation"	"0x3ff0000000000000"	"HumanAdjudicated"
"3480df7007cb6dcab43d3f725cfd83820c3b42d523253166569b51940554a142"	"wog:claim:contain:wog:sit:think-war-party:wog:seg:sc1b-war-cries"	"situation"	"wog:sit:think-war-party"	"wog:seg:sc1b-war-cries"	"PrimarySegmentation"	"0x3ff0000000000000"	"HumanAdjudicated"
"3480df7007cb6dcab43d3f725cfd83820c3b42d523253166569b51940554a142"	"wog:claim:contain:wog:sit:war-party-present:wog:seg:sc1b-war-cries"	"situation"	"wog:sit:war-party-present"	"wog:seg:sc1b-war-cries"	"PrimarySegmentation"	"0x3ff0000000000000"	"HumanAdjudicated"
"3480df7007cb6dcab43d3f725cfd83820c3b42d523253166569b51940554a142"	"wog:claim:contain:wog:sit:hide:wog:seg:sc1b-war-cries"	"situation"	"wog:sit:hide"	"wog:seg:sc1b-war-cries"	"PrimarySegmentation"	"0x3ff0000000000000"	"HumanAdjudicated"
"3480df7007cb6dcab43d3f725cfd83820c3b42d523253166569b51940554a142"	"wog:claim:contain:wog:sit:canoes-come-up:wog:seg:sc1b-war-cries"	"situation"	"wog:sit:canoes-come-up"	"wog:seg:sc1b-war-cries"	"PrimarySegmentation"	"0x3ff0000000000000"	"HumanAdjudicated"
"3480df7007cb6dcab43d3f725cfd83820c3b42d523253166569b51940554a142"	"wog:claim:contain:wog:sit:hear-paddles:wog:seg:sc1b-war-cries"	"situation"	"wog:sit:hear-paddles"	"wog:seg:sc1b-war-cries"	"PrimarySegmentation"	"0x3ff0000000000000"	"HumanAdjudicated"
"3480df7007cb6dcab43d3f725cfd83820c3b42d523253166569b51940554a142"	"wog:claim:contain:wog:sit:see-canoe:wog:seg:sc1c-canoe-arrives"	"situation"	"wog:sit:see-canoe"	"wog:seg:sc1c-canoe-arrives"	"PrimarySegmentation"	"0x3ff0000000000000"	"HumanAdjudicated"
"3480df7007cb6dcab43d3f725cfd83820c3b42d523253166569b51940554a142"	"wog:claim:contain:wog:sit:five-men-in-canoe:wog:seg:sc1c-canoe-arrives"	"situation"	"wog:sit:five-men-in-canoe"	"wog:seg:sc1c-canoe-arrives"	"PrimarySegmentation"	"0x3ff0000000000000"	"HumanAdjudicated"
"3480df7007cb6dcab43d3f725cfd83820c3b42d523253166569b51940554a142"	"wog:claim:contain:wog:sit:warriors-speak:wog:seg:sc2a-invitation"	"situation"	"wog:sit:warriors-speak"	"wog:seg:sc2a-invitation"	"PrimarySegmentation"	"0x3ff0000000000000"	"HumanAdjudicated"
"3480df7007cb6dcab43d3f725cfd83820c3b42d523253166569b51940554a142"	"wog:claim:contain:wog:sit:wish-take-along:wog:seg:sc2a-invitation"	"situation"	"wog:sit:wish-take-along"	"wog:seg:sc2a-invitation"	"PrimarySegmentation"	"0x3ff0000000000000"	"HumanAdjudicated"
"3480df7007cb6dcab43d3f725cfd83820c3b42d523253166569b51940554a142"	"wog:claim:contain:wog:sit:announced-war:wog:seg:sc2a-invitation"	"situation"	"wog:sit:announced-war"	"wog:seg:sc2a-invitation"	"PrimarySegmentation"	"0x3ff0000000000000"	"HumanAdjudicated"
"3480df7007cb6dcab43d3f725cfd83820c3b42d523253166569b51940554a142"	"wog:claim:contain:wog:sit:ym1-says-no-arrows:wog:seg:sc2a-invitation"	"situation"	"wog:sit:ym1-says-no-arrows"	"wog:seg:sc2a-invitation"	"PrimarySegmentation"	"0x3ff0000000000000"	"HumanAdjudicated"
"3480df7007cb6dcab43d3f725cfd83820c3b42d523253166569b51940554a142"	"wog:claim:contain:wog:sit:lack-arrows:wog:seg:sc2a-invitation"	"situation"	"wog:sit:lack-arrows"	"wog:seg:sc2a-invitation"	"PrimarySegmentation"	"0x3ff0000000000000"	"HumanAdjudicated"
"3480df7007cb6dcab43d3f725cfd83820c3b42d523253166569b51940554a142"	"wog:claim:contain:wog:sit:warriors-say-arrows:wog:seg:sc2a-invitation"	"situation"	"wog:sit:warriors-say-arrows"	"wog:seg:sc2a-invitation"	"PrimarySegmentation"	"0x3ff0000000000000"	"HumanAdjudicated"
"3480df7007cb6dcab43d3f725cfd83820c3b42d523253166569b51940554a142"	"wog:claim:contain:wog:sit:arrows-in-canoe:wog:seg:sc2a-invitation"	"situation"	"wog:sit:arrows-in-canoe"	"wog:seg:sc2a-invitation"	"PrimarySegmentation"	"0x3ff0000000000000"	"HumanAdjudicated"
"3480df7007cb6dcab43d3f725cfd83820c3b42d523253166569b51940554a142"	"wog:claim:contain:wog:sit:ym1-declines:wog:seg:sc2a-invitation"	"situation"	"wog:sit:ym1-declines"	"wog:seg:sc2a-invitation"	"PrimarySegmentation"	"0x3ff0000000000000"	"HumanAdjudicated"
"3480df7007cb6dcab43d3f725cfd83820c3b42d523253166569b51940554a142"	"wog:claim:contain:wog:sit:not-go-along:wog:seg:sc2a-invitation"	"situation"	"wog:sit:not-go-along"	"wog:seg:sc2a-invitation"	"PrimarySegmentation"	"0x3ff0000000000000"	"HumanAdjudicated"
"3480df7007cb6dcab43d3f725cfd83820c3b42d523253166569b51940554a142"	"wog:claim:contain:wog:sit:might-be-killed:wog:seg:sc2a-invitation"	"situation"	"wog:sit:might-be-killed"	"wog:seg:sc2a-invitation"	"PrimarySegmentation"	"0x3ff0000000000000"	"HumanAdjudicated"
"3480df7007cb6dcab43d3f725cfd83820c3b42d523253166569b51940554a142"	"wog:claim:contain:wog:sit:relatives-not-know:wog:seg:sc2a-invitation"	"situation"	"wog:sit:relatives-not-know"	"wog:seg:sc2a-invitation"	"PrimarySegmentation"	"0x3ff0000000000000"	"HumanAdjudicated"
"3480df7007cb6dcab43d3f725cfd83820c3b42d523253166569b51940554a142"	"wog:claim:contain:wog:sit:you-may-go:wog:seg:sc2a-invitation"	"situation"	"wog:sit:you-may-go"	"wog:seg:sc2a-invitation"	"PrimarySegmentation"	"0x3ff0000000000000"	"HumanAdjudicated"
"3480df7007cb6dcab43d3f725cfd83820c3b42d523253166569b51940554a142"	"wog:claim:contain:wog:sit:ym2-accompanies:wog:seg:sc2b-parting"	"situation"	"wog:sit:ym2-accompanies"	"wog:seg:sc2b-parting"	"PrimarySegmentation"	"0x3ff0000000000000"	"HumanAdjudicated"
"3480df7007cb6dcab43d3f725cfd83820c3b42d523253166569b51940554a142"	"wog:claim:contain:wog:sit:ym2-enters-canoe:wog:seg:sc2b-parting"	"situation"	"wog:sit:ym2-enters-canoe"	"wog:seg:sc2b-parting"	"PrimarySegmentation"	"0x3ff0000000000000"	"HumanAdjudicated"
"3480df7007cb6dcab43d3f725cfd83820c3b42d523253166569b51940554a142"	"wog:claim:contain:wog:sit:ym1-goes-home:wog:seg:sc2b-parting"	"situation"	"wog:sit:ym1-goes-home"	"wog:seg:sc2b-parting"	"PrimarySegmentation"	"0x3ff0000000000000"	"HumanAdjudicated"
"3480df7007cb6dcab43d3f725cfd83820c3b42d523253166569b51940554a142"	"wog:claim:contain:wog:sit:ym1-returns-midnight:wog:seg:sc2b-parting"	"situation"	"wog:sit:ym1-returns-midnight"	"wog:seg:sc2b-parting"	"PrimarySegmentation"	"0x3ff0000000000000"	"HumanAdjudicated"
"3480df7007cb6dcab43d3f725cfd83820c3b42d523253166569b51940554a142"	"wog:claim:contain:wog:sit:ym1-reports:wog:seg:sc2b-parting"	"situation"	"wog:sit:ym1-reports"	"wog:seg:sc2b-parting"	"PrimarySegmentation"	"0x3ff0000000000000"	"HumanAdjudicated"
"3480df7007cb6dcab43d3f725cfd83820c3b42d523253166569b51940554a142"	"wog:claim:contain:wog:sit:relative-left-me:wog:seg:sc2b-parting"	"situation"	"wog:sit:relative-left-me"	"wog:seg:sc2b-parting"	"PrimarySegmentation"	"0x3ff0000000000000"	"HumanAdjudicated"
"3480df7007cb6dcab43d3f725cfd83820c3b42d523253166569b51940554a142"	"wog:claim:contain:wog:sit:ym2-went-with-warriors:wog:seg:sc2b-parting"	"situation"	"wog:sit:ym2-went-with-warriors"	"wog:seg:sc2b-parting"	"PrimarySegmentation"	"0x3ff0000000000000"	"HumanAdjudicated"
"3480df7007cb6dcab43d3f725cfd83820c3b42d523253166569b51940554a142"	"wog:claim:contain:wog:sit:warriors-go:wog:seg:sc2c-journey-battle"	"situation"	"wog:sit:warriors-go"	"wog:seg:sc2c-journey-battle"	"PrimarySegmentation"	"0x3ff0000000000000"	"HumanAdjudicated"
"3480df7007cb6dcab43d3f725cfd83820c3b42d523253166569b51940554a142"	"wog:claim:contain:wog:sit:talk-in-canoe:wog:seg:sc2c-journey-battle"	"situation"	"wog:sit:talk-in-canoe"	"wog:seg:sc2c-journey-battle"	"PrimarySegmentation"	"0x3ff0000000000000"	"HumanAdjudicated"
"3480df7007cb6dcab43d3f725cfd83820c3b42d523253166569b51940554a142"	"wog:claim:contain:wog:sit:arrive-kalama:wog:seg:sc2c-journey-battle"	"situation"	"wog:sit:arrive-kalama"	"wog:seg:sc2c-journey-battle"	"PrimarySegmentation"	"0x3ff0000000000000"	"HumanAdjudicated"
"3480df7007cb6dcab43d3f725cfd83820c3b42d523253166569b51940554a142"	"wog:claim:contain:wog:sit:enemy-come-to-water:wog:seg:sc2c-journey-battle"	"situation"	"wog:sit:enemy-come-to-water"	"wog:seg:sc2c-journey-battle"	"PrimarySegmentation"	"0x3ff0000000000000"	"HumanAdjudicated"
"3480df7007cb6dcab43d3f725cfd83820c3b42d523253166569b51940554a142"	"wog:claim:contain:wog:sit:battle:wog:seg:sc2c-journey-battle"	"situation"	"wog:sit:battle"	"wog:seg:sc2c-journey-battle"	"PrimarySegmentation"	"0x3ff0000000000000"	"HumanAdjudicated"
"3480df7007cb6dcab43d3f725cfd83820c3b42d523253166569b51940554a142"	"wog:claim:contain:wog:sit:ym2-thinks-people:wog:seg:sc2c-journey-battle"	"situation"	"wog:sit:ym2-thinks-people"	"wog:seg:sc2c-journey-battle"	"PrimarySegmentation"	"0x3ff0000000000000"	"HumanAdjudicated"
"3480df7007cb6dcab43d3f725cfd83820c3b42d523253166569b51940554a142"	"wog:claim:contain:wog:sit:warriors-are-people:wog:seg:sc2c-journey-battle"	"situation"	"wog:sit:warriors-are-people"	"wog:seg:sc2c-journey-battle"	"PrimarySegmentation"	"0x3ff0000000000000"	"HumanAdjudicated"
"3480df7007cb6dcab43d3f725cfd83820c3b42d523253166569b51940554a142"	"wog:claim:contain:wog:sit:fellow-shot:wog:seg:sc2c-journey-battle"	"situation"	"wog:sit:fellow-shot"	"wog:seg:sc2c-journey-battle"	"PrimarySegmentation"	"0x3ff0000000000000"	"HumanAdjudicated"
"3480df7007cb6dcab43d3f725cfd83820c3b42d523253166569b51940554a142"	"wog:claim:contain:wog:sit:carry-into-canoe:wog:seg:sc2c-journey-battle"	"situation"	"wog:sit:carry-into-canoe"	"wog:seg:sc2c-journey-battle"	"PrimarySegmentation"	"0x3ff0000000000000"	"HumanAdjudicated"
"3480df7007cb6dcab43d3f725cfd83820c3b42d523253166569b51940554a142"	"wog:claim:contain:wog:sit:warriors-say-go-home:wog:seg:sc3a-retreat"	"situation"	"wog:sit:warriors-say-go-home"	"wog:seg:sc3a-retreat"	"PrimarySegmentation"	"0x3ff0000000000000"	"HumanAdjudicated"
"3480df7007cb6dcab43d3f725cfd83820c3b42d523253166569b51940554a142"	"wog:claim:contain:wog:sit:let-us-go-home:wog:seg:sc3a-retreat"	"situation"	"wog:sit:let-us-go-home"	"wog:seg:sc3a-retreat"	"PrimarySegmentation"	"0x3ff0000000000000"	"HumanAdjudicated"
"3480df7007cb6dcab43d3f725cfd83820c3b42d523253166569b51940554a142"	"wog:claim:contain:wog:sit:reported-shot:wog:seg:sc3a-retreat"	"situation"	"wog:sit:reported-shot"	"wog:seg:sc3a-retreat"	"PrimarySegmentation"	"0x3ff0000000000000"	"HumanAdjudicated"
"3480df7007cb6dcab43d3f725cfd83820c3b42d523253166569b51940554a142"	"wog:claim:contain:wog:sit:ym2-concludes-ghosts:wog:seg:sc3a-retreat"	"situation"	"wog:sit:ym2-concludes-ghosts"	"wog:seg:sc3a-retreat"	"PrimarySegmentation"	"0x3ff0000000000000"	"HumanAdjudicated"
"3480df7007cb6dcab43d3f725cfd83820c3b42d523253166569b51940554a142"	"wog:claim:contain:wog:sit:warriors-are-ghosts:wog:seg:sc3a-retreat"	"situation"	"wog:sit:warriors-are-ghosts"	"wog:seg:sc3a-retreat"	"PrimarySegmentation"	"0x3ff0000000000000"	"HumanAdjudicated"
"3480df7007cb6dcab43d3f725cfd83820c3b42d523253166569b51940554a142"	"wog:claim:contain:wog:sit:not-feel-sick:wog:seg:sc3a-retreat"	"situation"	"wog:sit:not-feel-sick"	"wog:seg:sc3a-retreat"	"PrimarySegmentation"	"0x3ff0000000000000"	"HumanAdjudicated"
"3480df7007cb6dcab43d3f725cfd83820c3b42d523253166569b51940554a142"	"wog:claim:contain:wog:sit:warriors-go-home:wog:seg:sc3a-retreat"	"situation"	"wog:sit:warriors-go-home"	"wog:seg:sc3a-retreat"	"PrimarySegmentation"	"0x3ff0000000000000"	"HumanAdjudicated"
"3480df7007cb6dcab43d3f725cfd83820c3b42d523253166569b51940554a142"	"wog:claim:contain:wog:sit:arrive-egulac:wog:seg:sc3a-retreat"	"situation"	"wog:sit:arrive-egulac"	"wog:seg:sc3a-retreat"	"PrimarySegmentation"	"0x3ff0000000000000"	"HumanAdjudicated"
"3480df7007cb6dcab43d3f725cfd83820c3b42d523253166569b51940554a142"	"wog:claim:contain:wog:sit:canoe-lands:wog:seg:sc3a-retreat"	"situation"	"wog:sit:canoe-lands"	"wog:seg:sc3a-retreat"	"PrimarySegmentation"	"0x3ff0000000000000"	"HumanAdjudicated"
"3480df7007cb6dcab43d3f725cfd83820c3b42d523253166569b51940554a142"	"wog:claim:contain:wog:sit:ym2-ashore:wog:seg:sc3a-retreat"	"situation"	"wog:sit:ym2-ashore"	"wog:seg:sc3a-retreat"	"PrimarySegmentation"	"0x3ff0000000000000"	"HumanAdjudicated"
"3480df7007cb6dcab43d3f725cfd83820c3b42d523253166569b51940554a142"	"wog:claim:contain:wog:sit:warriors-down-river:wog:seg:sc3a-retreat"	"situation"	"wog:sit:warriors-down-river"	"wog:seg:sc3a-retreat"	"PrimarySegmentation"	"0x3ff0000000000000"	"HumanAdjudicated"
"3480df7007cb6dcab43d3f725cfd83820c3b42d523253166569b51940554a142"	"wog:claim:contain:wog:sit:ym2-to-house:wog:seg:sc3b-recounting"	"situation"	"wog:sit:ym2-to-house"	"wog:seg:sc3b-recounting"	"PrimarySegmentation"	"0x3ff0000000000000"	"HumanAdjudicated"
"3480df7007cb6dcab43d3f725cfd83820c3b42d523253166569b51940554a142"	"wog:claim:contain:wog:sit:make-fire:wog:seg:sc3b-recounting"	"situation"	"wog:sit:make-fire"	"wog:seg:sc3b-recounting"	"PrimarySegmentation"	"0x3ff0000000000000"	"HumanAdjudicated"
"3480df7007cb6dcab43d3f725cfd83820c3b42d523253166569b51940554a142"	"wog:claim:contain:wog:sit:recounting:wog:seg:sc3b-recounting"	"situation"	"wog:sit:recounting"	"wog:seg:sc3b-recounting"	"PrimarySegmentation"	"0x3ff0000000000000"	"HumanAdjudicated"
"3480df7007cb6dcab43d3f725cfd83820c3b42d523253166569b51940554a142"	"wog:claim:contain:wog:sit:accompanied-ghosts:wog:seg:sc3b-recounting"	"situation"	"wog:sit:accompanied-ghosts"	"wog:seg:sc3b-recounting"	"PrimarySegmentation"	"0x3ff0000000000000"	"HumanAdjudicated"
"3480df7007cb6dcab43d3f725cfd83820c3b42d523253166569b51940554a142"	"wog:claim:contain:wog:sit:we-fought:wog:seg:sc3b-recounting"	"situation"	"wog:sit:we-fought"	"wog:seg:sc3b-recounting"	"PrimarySegmentation"	"0x3ff0000000000000"	"HumanAdjudicated"
"3480df7007cb6dcab43d3f725cfd83820c3b42d523253166569b51940554a142"	"wog:claim:contain:wog:sit:many-fellows-killed:wog:seg:sc3b-recounting"	"situation"	"wog:sit:many-fellows-killed"	"wog:seg:sc3b-recounting"	"PrimarySegmentation"	"0x3ff0000000000000"	"HumanAdjudicated"
"3480df7007cb6dcab43d3f725cfd83820c3b42d523253166569b51940554a142"	"wog:claim:contain:wog:sit:many-enemy-killed:wog:seg:sc3b-recounting"	"situation"	"wog:sit:many-enemy-killed"	"wog:seg:sc3b-recounting"	"PrimarySegmentation"	"0x3ff0000000000000"	"HumanAdjudicated"
"3480df7007cb6dcab43d3f725cfd83820c3b42d523253166569b51940554a142"	"wog:claim:contain:wog:sit:they-said-shot:wog:seg:sc3b-recounting"	"situation"	"wog:sit:they-said-shot"	"wog:seg:sc3b-recounting"	"PrimarySegmentation"	"0x3ff0000000000000"	"HumanAdjudicated"
"3480df7007cb6dcab43d3f725cfd83820c3b42d523253166569b51940554a142"	"wog:claim:contain:wog:sit:i-was-shot:wog:seg:sc3b-recounting"	"situation"	"wog:sit:i-was-shot"	"wog:seg:sc3b-recounting"	"PrimarySegmentation"	"0x3ff0000000000000"	"HumanAdjudicated"
"3480df7007cb6dcab43d3f725cfd83820c3b42d523253166569b51940554a142"	"wog:claim:contain:wog:sit:i-did-not-feel-sick:wog:seg:sc3b-recounting"	"situation"	"wog:sit:i-did-not-feel-sick"	"wog:seg:sc3b-recounting"	"PrimarySegmentation"	"0x3ff0000000000000"	"HumanAdjudicated"
"3480df7007cb6dcab43d3f725cfd83820c3b42d523253166569b51940554a142"	"wog:claim:contain:wog:sit:becomes-quiet:wog:seg:sc3b-recounting"	"situation"	"wog:sit:becomes-quiet"	"wog:seg:sc3b-recounting"	"PrimarySegmentation"	"0x3ff0000000000000"	"HumanAdjudicated"
"3480df7007cb6dcab43d3f725cfd83820c3b42d523253166569b51940554a142"	"wog:claim:contain:wog:sit:nearly-daylight:wog:seg:sc3b-recounting"	"situation"	"wog:sit:nearly-daylight"	"wog:seg:sc3b-recounting"	"PrimarySegmentation"	"0x3ff0000000000000"	"HumanAdjudicated"
"3480df7007cb6dcab43d3f725cfd83820c3b42d523253166569b51940554a142"	"wog:claim:contain:wog:sit:sun-rises:wog:seg:sc3c-death"	"situation"	"wog:sit:sun-rises"	"wog:seg:sc3c-death"	"PrimarySegmentation"	"0x3ff0000000000000"	"HumanAdjudicated"
"3480df7007cb6dcab43d3f725cfd83820c3b42d523253166569b51940554a142"	"wog:claim:contain:wog:sit:falls-down:wog:seg:sc3c-death"	"situation"	"wog:sit:falls-down"	"wog:seg:sc3c-death"	"PrimarySegmentation"	"0x3ff0000000000000"	"HumanAdjudicated"
"3480df7007cb6dcab43d3f725cfd83820c3b42d523253166569b51940554a142"	"wog:claim:contain:wog:sit:black-from-mouth:wog:seg:sc3c-death"	"situation"	"wog:sit:black-from-mouth"	"wog:seg:sc3c-death"	"PrimarySegmentation"	"0x3ff0000000000000"	"HumanAdjudicated"
"3480df7007cb6dcab43d3f725cfd83820c3b42d523253166569b51940554a142"	"wog:claim:contain:wog:sit:blood-from-anus:wog:seg:sc3c-death"	"situation"	"wog:sit:blood-from-anus"	"wog:seg:sc3c-death"	"PrimarySegmentation"	"0x3ff0000000000000"	"HumanAdjudicated"
"3480df7007cb6dcab43d3f725cfd83820c3b42d523253166569b51940554a142"	"wog:claim:contain:wog:sit:face-contorted:wog:seg:sc3c-death"	"situation"	"wog:sit:face-contorted"	"wog:seg:sc3c-death"	"PrimarySegmentation"	"0x3ff0000000000000"	"HumanAdjudicated"
"3480df7007cb6dcab43d3f725cfd83820c3b42d523253166569b51940554a142"	"wog:claim:contain:wog:sit:dead:wog:seg:sc3c-death"	"situation"	"wog:sit:dead"	"wog:seg:sc3c-death"	"PrimarySegmentation"	"0x3ff0000000000000"	"HumanAdjudicated"
"3480df7007cb6dcab43d3f725cfd83820c3b42d523253166569b51940554a142"	"wog:claim:contain:wog:sit:people-cry:wog:seg:sc3c-death"	"situation"	"wog:sit:people-cry"	"wog:seg:sc3c-death"	"PrimarySegmentation"	"0x3ff0000000000000"	"HumanAdjudicated"
"3480df7007cb6dcab43d3f725cfd83820c3b42d523253166569b51940554a142"	"wog:claim:contain:wog:sit:ym2-injured:wog:seg:sc3a-retreat"	"situation"	"wog:sit:ym2-injured"	"wog:seg:sc3a-retreat"	"PrimarySegmentation"	"0x3ff0000000000000"	"HumanAdjudicated"
"3480df7007cb6dcab43d3f725cfd83820c3b42d523253166569b51940554a142"	"wog:claim:contain:theme:we-fought"	"situation"	"wog:sit:we-fought"	"wog:seg:sc2c-journey-battle"	"Theme"	"0x3fe0000000000000"	"Hypothesized"
