"model_digest"	"node_id"	"node_kind"	"claim_id"	"claim_status"	"context"
"3480df7007cb6dcab43d3f725cfd83820c3b42d523253166569b51940554a142"	"wog:ent:arrows"	"entity"	"wog:claim:ent:arrows"	"SurfaceExplicit"	"{""status"":""not-applicable""}"
"3480df7007cb6dcab43d3f725cfd83820c3b42d523253166569b51940554a142"	"wog:ent:canoe"	"entity"	"wog:claim:ent:canoe"	"SurfaceExplicit"	"{""status"":""not-applicable""}"
"3480df7007cb6dcab43d3f725cfd83820c3b42d523253166569b51940554a142"	"wog:ent:egulac"	"entity"	"wog:claim:ent:egulac"	"SurfaceExplicit"	"{""status"":""not-applicable""}"
"3480df7007cb6dcab43d3f725cfd83820c3b42d523253166569b51940554a142"	"wog:ent:house"	"entity"	"wog:claim:ent:house"	"SurfaceExplicit"	"{""status"":""not-applicable""}"
"3480df7007cb6dcab43d3f725cfd83820c3b42d523253166569b51940554a142"	"wog:ent:kalama"	"entity"	"wog:claim:ent:kalama"	"SurfaceExplicit"	"{""status"":""not-applicable""}"
"3480df7007cb6dcab43d3f725cfd83820c3b42d523253166569b51940554a142"	"wog:ent:kalama-people"	"entity"	"wog:claim:ent:kalama-people"	"SurfaceExplicit"	"{""status"":""not-applicable""}"
"3480df7007cb6dcab43d3f725cfd83820c3b42d523253166569b51940554a142"	"wog:ent:log"	"entity"	"wog:claim:ent:log"	"SurfaceExplicit"	"{""status"":""not-applicable""}"
"3480df7007cb6dcab43d3f725cfd83820c3b42d523253166569b51940554a142"	"wog:ent:relatives"	"entity"	"wog:claim:ent:relatives"	"WorldKnowledgeInferred"	"{""status"":""not-applicable""}"
"3480df7007cb6dcab43d3f725cfd83820c3b42d523253166569b51940554a142"	"wog:ent:river"	"entity"	"wog:claim:ent:river"	"SurfaceExplicit"	"{""status"":""not-applicable""}"
"3480df7007cb6dcab43d3f725cfd83820c3b42d523253166569b51940554a142"	"wog:ent:shot-fellow"	"entity"	"wog:claim:ent:shot-fellow"	"SurfaceExplicit"	"{""status"":""not-applicable""}"
"3480df7007cb6dcab43d3f725cfd83820c3b42d523253166569b51940554a142"	"wog:ent:warriors"	"entity"	"wog:claim:ent:warriors"	"SurfaceExplicit"	"{""status"":""not-applicable""}"
"3480df7007cb6dcab43d3f725cfd83820c3b42d523253166569b51940554a142"	"wog:ent:young-man-1"	"entity"	"wog:claim:ent:young-man-1"	"SurfaceExplicit"	"{""status"":""not-applicable""}"
"3480df7007cb6dcab43d3f725cfd83820c3b42d523253166569b51940554a142"	"wog:ent:young-man-2"	"entity"	"wog:claim:ent:young-man-2"	"SurfaceExplicit"	"{""status"":""not-applicable""}"
"3480df7007cb6dcab43d3f725cfd83820c3b42d523253166569b51940554a142"	"wog:ent:young-men"	"entity"	"wog:claim:ent:young-men"	"SurfaceExplicit"	"{""status"":""not-applicable""}"
"3480df7007cb6dcab43d3f725cfd83820c3b42d523253166569b51940554a142"	"wog:sit:accompanied-ghosts"	"event"	"wog:claim:sit:accompanied-ghosts"	"SurfaceExplicit"	"{""status"":""present"",""value"":""wog:ctx:speech-ym2""}"
"3480df7007cb6dcab43d3f725cfd83820c3b42d523253166569b51940554a142"	"wog:sit:announced-war"	"event"	"wog:claim:sit:announced-war"	"SurfaceExplicit"	"{""status"":""present"",""value"":""wog:ctx:speech-warriors-1""}"
"3480df7007cb6dcab43d3f725cfd83820c3b42d523253166569b51940554a142"	"wog:sit:arrive-egulac"	"event"	"wog:claim:sit:arrive-egulac"	"SurfaceExplicit"	"{""status"":""present"",""value"":""wog:ctx:world""}"
"3480df7007cb6dcab43d3f725cfd83820c3b42d523253166569b51940554a142"	"wog:sit:arrive-kalama"	"event"	"wog:claim:sit:arrive-kalama"	"SurfaceExplicit"	"{""status"":""present"",""value"":""wog:ctx:world""}"
"3480df7007cb6dcab43d3f725cfd83820c3b42d523253166569b51940554a142"	"wog:sit:arrows-in-canoe"	"state"	"wog:claim:sit:arrows-in-canoe"	"SurfaceExplicit"	"{""status"":""present"",""value"":""wog:ctx:speech-warriors-2""}"
"3480df7007cb6dcab43d3f725cfd83820c3b42d523253166569b51940554a142"	"wog:sit:battle"	"event"	"wog:claim:sit:battle"	"SurfaceExplicit"	"{""status"":""present"",""value"":""wog:ctx:world""}"
"3480df7007cb6dcab43d3f725cfd83820c3b42d523253166569b51940554a142"	"wog:sit:becomes-quiet"	"event"	"wog:claim:sit:becomes-quiet"	"SurfaceExplicit"	"{""status"":""present"",""value"":""wog:ctx:world""}"
"3480df7007cb6dcab43d3f725cfd83820c3b42d523253166569b51940554a142"	"wog:sit:black-from-mouth"	"event"	"wog:claim:sit:black-from-mouth"	"SurfaceExplicit"	"{""status"":""present"",""value"":""wog:ctx:world""}"
"3480df7007cb6dcab43d3f725cfd83820c3b42d523253166569b51940554a142"	"wog:sit:blood-from-anus"	"event"	"wog:claim:sit:blood-from-anus"	"SurfaceExplicit"	"{""status"":""present"",""value"":""wog:ctx:world""}"
"3480df7007cb6dcab43d3f725cfd83820c3b42d523253166569b51940554a142"	"wog:sit:canoe-lands"	"event"	"wog:claim:sit:canoe-lands"	"SurfaceExplicit"	"{""status"":""present"",""value"":""wog:ctx:world""}"
"3480df7007cb6dcab43d3f725cfd83820c3b42d523253166569b51940554a142"	"wog:sit:canoes-come-up"	"event"	"wog:claim:sit:canoes-come-up"	"SurfaceExplicit"	"{""status"":""present"",""value"":""wog:ctx:world""}"
"3480df7007cb6dcab43d3f725cfd83820c3b42d523253166569b51940554a142"	"wog:sit:carry-into-canoe"	"event"	"wog:claim:sit:carry-into-canoe"	"SurfaceExplicit"	"{""status"":""present"",""value"":""wog:ctx:world""}"
"3480df7007cb6dcab43d3f725cfd83820c3b42d523253166569b51940554a142"	"wog:sit:dead"	"state"	"wog:claim:sit:dead"	"SurfaceExplicit"	"{""status"":""present"",""value"":""wog:ctx:world""}"
"3480df7007cb6dcab43d3f725cfd83820c3b42d523253166569b51940554a142"	"wog:sit:down-river"	"event"	"wog:claim:sit:down-river"	"SurfaceExplicit"	"{""status"":""present"",""value"":""wog:ctx:world""}"
"3480df7007cb6dcab43d3f725cfd83820c3b42d523253166569b51940554a142"	"wog:sit:enemy-come-to-water"	"event"	"wog:claim:sit:enemy-come-to-water"	"SurfaceExplicit"	"{""status"":""present"",""value"":""wog:ctx:world""}"
"3480df7007cb6dcab43d3f725cfd83820c3b42d523253166569b51940554a142"	"wog:sit:face-contorted"	"event"	"wog:claim:sit:face-contorted"	"SurfaceExplicit"	"{""status"":""present"",""value"":""wog:ctx:world""}"
"3480df7007cb6dcab43d3f725cfd83820c3b42d523253166569b51940554a142"	"wog:sit:falls-down"	"event"	"wog:claim:sit:falls-down"	"SurfaceExplicit"	"{""status"":""present"",""value"":""wog:ctx:world""}"
"3480df7007cb6dcab43d3f725cfd83820c3b42d523253166569b51940554a142"	"wog:sit:fellow-shot"	"event"	"wog:claim:sit:fellow-shot"	"SurfaceExplicit"	"{""status"":""present"",""value"":""wog:ctx:world""}"
"3480df7007cb6dcab43d3f725cfd83820c3b42d523253166569b51940554a142"	"wog:sit:five-men-in-canoe"	"state"	"wog:claim:sit:five-men-in-canoe"	"SurfaceExplicit"	"{""status"":""present"",""value"":""wog:ctx:world""}"
"3480df7007cb6dcab43d3f725cfd83820c3b42d523253166569b51940554a142"	"wog:sit:fog-calm"	"state"	"wog:claim:sit:fog-calm"	"SurfaceExplicit"	"{""status"":""present"",""value"":""wog:ctx:world""}"
"3480df7007cb6dcab43d3f725cfd83820c3b42d523253166569b51940554a142"	"wog:sit:hear-paddles"	"event"	"wog:claim:sit:hear-paddles"	"SurfaceExplicit"	"{""status"":""present"",""value"":""wog:ctx:world""}"
"3480df7007cb6dcab43d3f725cfd83820c3b42d523253166569b51940554a142"	"wog:sit:hear-war-cries"	"event"	"wog:claim:sit:hear-war-cries"	"SurfaceExplicit"	"{""status"":""present"",""value"":""wog:ctx:world""}"
"3480df7007cb6dcab43d3f725cfd83820c3b42d523253166569b51940554a142"	"wog:sit:hide"	"event"	"wog:claim:sit:hide"	"SurfaceExplicit"	"{""status"":""present"",""value"":""wog:ctx:world""}"
"3480df7007cb6dcab43d3f725cfd83820c3b42d523253166569b51940554a142"	"wog:sit:hunt-seals"	"event"	"wog:claim:sit:hunt-seals"	"SurfaceExplicit"	"{""status"":""present"",""value"":""wog:ctx:world""}"
"3480df7007cb6dcab43d3f725cfd83820c3b42d523253166569b51940554a142"	"wog:sit:i-did-not-feel-sick"	"state"	"wog:claim:sit:i-did-not-feel-sick"	"SurfaceExplicit"	"{""status"":""present"",""value"":""wog:ctx:speech-ym2""}"
"3480df7007cb6dcab43d3f725cfd83820c3b42d523253166569b51940554a142"	"wog:sit:i-was-shot"	"event"	"wog:claim:sit:i-was-shot"	"SurfaceExplicit"	"{""status"":""present"",""value"":""wog:ctx:speech-ym2-inner""}"
"3480df7007cb6dcab43d3f725cfd83820c3b42d523253166569b51940554a142"	"wog:sit:lack-arrows"	"state"	"wog:claim:sit:lack-arrows"	"SurfaceExplicit"	"{""status"":""present"",""value"":""wog:ctx:speech-ym1-a""}"
"3480df7007cb6dcab43d3f725cfd83820c3b42d523253166569b51940554a142"	"wog:sit:let-us-go-home"	"event"	"wog:claim:sit:let-us-go-home"	"SurfaceExplicit"	"{""status"":""present"",""value"":""wog:ctx:speech-warriors-3""}"
"3480df7007cb6dcab43d3f725cfd83820c3b42d523253166569b51940554a142"	"wog:sit:make-fire"	"event"	"wog:claim:sit:make-fire"	"SurfaceExplicit"	"{""status"":""present"",""value"":""wog:ctx:world""}"
"3480df7007cb6dcab43d3f725cfd83820c3b42d523253166569b51940554a142"	"wog:sit:many-enemy-killed"	"event"	"wog:claim:sit:many-enemy-killed"	"SurfaceExplicit"	"{""status"":""present"",""value"":""wog:ctx:speech-ym2""}"
"3480df7007cb6dcab43d3f725cfd83820c3b42d523253166569b51940554a142"	"wog:sit:many-fellows-killed"	"event"	"wog:claim:sit:many-fellows-killed"	"SurfaceExplicit"	"{""status"":""present"",""value"":""wog:ctx:speech-ym2""}"
"3480df7007cb6dcab43d3f725cfd83820c3b42d523253166569b51940554a142"	"wog:sit:might-be-killed"	"event"	"wog:claim:sit:might-be-killed"	"SurfaceExplicit"	"{""status"":""present"",""value"":""wog:ctx:speech-ym1-b""}"
"3480df7007cb6dcab43d3f725cfd83820c3b42d523253166569b51940554a142"	"wog:sit:nearly-daylight"	"state"	"wog:claim:sit:nearly-daylight"	"SurfaceExplicit"	"{""status"":""present"",""value"":""wog:ctx:world""}"
"3480df7007cb6dcab43d3f725cfd83820c3b42d523253166569b51940554a142"	"wog:sit:not-feel-sick"	"state"	"wog:claim:sit:not-feel-sick"	"SurfaceExplicit"	"{""status"":""present"",""value"":""wog:ctx:world""}"
"3480df7007cb6dcab43d3f725cfd83820c3b42d523253166569b51940554a142"	"wog:sit:not-go-along"	"event"	"wog:claim:sit:not-go-along"	"SurfaceExplicit"	"{""status"":""present"",""value"":""wog:ctx:speech-ym1-b""}"
"3480df7007cb6dcab43d3f725cfd83820c3b42d523253166569b51940554a142"	"wog:sit:people-at-egulac"	"state"	"wog:claim:sit:people-at-egulac"	"SurfaceExplicit"	"{""status"":""present"",""value"":""wog:ctx:world""}"
"3480df7007cb6dcab43d3f725cfd83820c3b42d523253166569b51940554a142"	"wog:sit:people-cry"	"event"	"wog:claim:sit:people-cry"	"SurfaceExplicit"	"{""status"":""present"",""value"":""wog:ctx:world""}"
"3480df7007cb6dcab43d3f725cfd83820c3b42d523253166569b51940554a142"	"wog:sit:recounting"	"event"	"wog:claim:sit:recounting"	"SurfaceExplicit"	"{""status"":""present"",""value"":""wog:ctx:world""}"
"3480df7007cb6dcab43d3f725cfd83820c3b42d523253166569b51940554a142"	"wog:sit:relative-left-me"	"event"	"wog:claim:sit:relative-left-me"	"SurfaceExplicit"	"{""status"":""present"",""value"":""wog:ctx:speech-ym1-c""}"
"3480df7007cb6dcab43d3f725cfd83820c3b42d523253166569b51940554a142"	"wog:sit:relatives-not-know"	"state"	"wog:claim:sit:relatives-not-know"	"SurfaceExplicit"	"{""status"":""present"",""value"":""wog:ctx:speech-ym1-b""}"
"3480df7007cb6dcab43d3f725cfd83820c3b42d523253166569b51940554a142"	"wog:sit:reported-shot"	"event"	"wog:claim:sit:reported-shot"	"SurfaceExplicit"	"{""status"":""present"",""value"":""wog:ctx:speech-warriors-3""}"
"3480df7007cb6dcab43d3f725cfd83820c3b42d523253166569b51940554a142"	"wog:sit:see-canoe"	"event"	"wog:claim:sit:see-canoe"	"SurfaceExplicit"	"{""status"":""present"",""value"":""wog:ctx:world""}"
"3480df7007cb6dcab43d3f725cfd83820c3b42d523253166569b51940554a142"	"wog:sit:sun-rises"	"event"	"wog:claim:sit:sun-rises"	"SurfaceExplicit"	"{""status"":""present"",""value"":""wog:ctx:world""}"
"3480df7007cb6dcab43d3f725cfd83820c3b42d523253166569b51940554a142"	"wog:sit:talk-in-canoe"	"event"	"wog:claim:sit:talk-in-canoe"	"SurfaceExplicit"	"{""status"":""present"",""value"":""wog:ctx:world""}"
"3480df7007cb6dcab43d3f725cfd83820c3b42d523253166569b51940554a142"	"wog:sit:they-said-shot"	"event"	"wog:claim:sit:they-said-shot"	"SurfaceExplicit"	"{""status"":""present"",""value"":""wog:ctx:speech-ym2""}"
"3480df7007cb6dcab43d3f725cfd83820c3b42d523253166569b51940554a142"	"wog:sit:think-war-party"	"event"	"wog:claim:sit:think-war-party"	"SurfaceExplicit"	"{""status"":""present"",""value"":""wog:ctx:world""}"
"3480df7007cb6dcab43d3f725cfd83820c3b42d523253166569b51940554a142"	"wog:sit:war-party-present"	"state"	"wog:claim:sit:war-party-present"	"SurfaceExplicit"	"{""status"":""present"",""value"":""wog:ctx:thought-war-party""}"
"3480df7007cb6dcab43d3f725cfd83820c3b42d523253166569b51940554a142"	"wog:sit:warriors-are-ghosts"	"state"	"wog:claim:sit:warriors-are-ghosts"	"SurfaceExplicit"	"{""status"":""present"",""value"":""wog:ctx:belief-ghosts""}"
"3480df7007cb6dcab43d3f725cfd83820c3b42d523253166569b51940554a142"	"wog:sit:warriors-are-people"	"state"	"wog:claim:sit:warriors-are-people"	"SurfaceExplicit"	"{""status"":""present"",""value"":""wog:ctx:belief-people""}"
"3480df7007cb6dcab43d3f725cfd83820c3b42d523253166569b51940554a142"	"wog:sit:warriors-down-river"	"event"	"wog:claim:sit:warriors-down-river"	"SurfaceExplicit"	"{""status"":""present"",""value"":""wog:ctx:world""}"
"3480df7007cb6dcab43d3f725cfd83820c3b42d523253166569b51940554a142"	"wog:sit:warriors-go"	"event"	"wog:claim:sit:warriors-go"	"SurfaceExplicit"	"{""status"":""present"",""value"":""wog:ctx:world""}"
"3480df7007cb6dcab43d3f725cfd83820c3b42d523253166569b51940554a142"	"wog:sit:warriors-go-home"	"event"	"wog:claim:sit:warriors-go-home"	"SurfaceExplicit"	"{""status"":""present"",""value"":""wog:ctx:world""}"
"3480df7007cb6dcab43d3f725cfd83820c3b42d523253166569b51940554a142"	"wog:sit:warriors-say-arrows"	"event"	"wog:claim:sit:warriors-say-arrows"	"SurfaceExplicit"	"{""status"":""present"",""value"":""wog:ctx:world""}"
"3480df7007cb6dcab43d3f725cfd83820c3b42d523253166569b51940554a142"	"wog:sit:warriors-say-go-home"	"event"	"wog:claim:sit:warriors-say-go-home"	"SurfaceExplicit"	"{""status"":""present"",""value"":""wog:ctx:world""}"
"3480df7007cb6dcab43d3f725cfd83820c3b42d523253166569b51940554a142"	"wog:sit:warriors-speak"	"event"	"wog:claim:sit:warriors-speak"	"SurfaceExplicit"	"{""status"":""present"",""value"":""wog:ctx:world""}"
"3480df7007cb6dcab43d3f725cfd83820c3b42d523253166569b51940554a142"	"wog:sit:we-fought"	"event"	"wog:claim:sit:we-fought"	"SurfaceExplicit"	"{""status"":""present"",""value"":""wog:ctx:speech-ym2""}"
"3480df7007cb6dcab43d3f725cfd83820c3b42d523253166569b51940554a142"	"wog:sit:wish-take-along"	"state"	"wog:claim:sit:wish-take-along"	"SurfaceExplicit"	"{""status"":""present"",""value"":""wog:ctx:speech-warriors-1""}"
"3480df7007cb6dcab43d3f725cfd83820c3b42d523253166569b51940554a142"	"wog:sit:ym1-declines"	"event"	"wog:claim:sit:ym1-declines"	"SurfaceExplicit"	"{""status"":""present"",""value"":""wog:ctx:world""}"
"3480df7007cb6dcab43d3f725cfd83820c3b42d523253166569b51940554a142"	"wog:sit:ym1-goes-home"	"event"	"wog:claim:sit:ym1-goes-home"	"SurfaceExplicit"	"{""status"":""present"",""value"":""wog:ctx:world""}"
"3480df7007cb6dcab43d3f725cfd83820c3b42d523253166569b51940554a142"	"wog:sit:ym1-reports"	"event"	"wog:claim:sit:ym1-reports"	"SurfaceExplicit"	"{""status"":""present"",""value"":""wog:ctx:world""}"
"3480df7007cb6dcab43d3f725cfd83820c3b42d523253166569b51940554a142"	"wog:sit:ym1-returns-midnight"	"event"	"wog:claim:sit:ym1-returns-midnight"	"SurfaceExplicit"	"{""status"":""present"",""value"":""wog:ctx:world""}"
"3480df7007cb6dcab43d3f725cfd83820c3b42d523253166569b51940554a142"	"wog:sit:ym1-says-no-arrows"	"event"	"wog:claim:sit:ym1-says-no-arrows"	"SurfaceExplicit"	"{""status"":""present"",""value"":""wog:ctx:world""}"
"3480df7007cb6dcab43d3f725cfd83820c3b42d523253166569b51940554a142"	"wog:sit:ym2-accompanies"	"event"	"wog:claim:sit:ym2-accompanies"	"SurfaceExplicit"	"{""status"":""present"",""value"":""wog:ctx:world""}"
"3480df7007cb6dcab43d3f725cfd83820c3b42d523253166569b51940554a142"	"wog:sit:ym2-ashore"	"event"	"wog:claim:sit:ym2-ashore"	"SurfaceExplicit"	"{""status"":""present"",""value"":""wog:ctx:world""}"
"3480df7007cb6dcab43d3f725cfd83820c3b42d523253166569b51940554a142"	"wog:sit:ym2-concludes-ghosts"	"event"	"wog:claim:sit:ym2-concludes-ghosts"	"SurfaceExplicit"	"{""status"":""present"",""value"":""wog:ctx:world""}"
"3480df7007cb6dcab43d3f725cfd83820c3b42d523253166569b51940554a142"	"wog:sit:ym2-enters-canoe"	"event"	"wog:claim:sit:ym2-enters-canoe"	"SurfaceExplicit"	"{""status"":""present"",""value"":""wog:ctx:world""}"
"3480df7007cb6dcab43d3f725cfd83820c3b42d523253166569b51940554a142"	"wog:sit:ym2-injured"	"event"	"wog:claim:sit:ym2-injured"	"Hypothesized"	"{""status"":""present"",""value"":""wog:ctx:world""}"
"3480df7007cb6dcab43d3f725cfd83820c3b42d523253166569b51940554a142"	"wog:sit:ym2-thinks-people"	"event"	"wog:claim:sit:ym2-thinks-people"	"SurfaceExplicit"	"{""status"":""present"",""value"":""wog:ctx:world""}"
"3480df7007cb6dcab43d3f725cfd83820c3b42d523253166569b51940554a142"	"wog:sit:ym2-to-house"	"event"	"wog:claim:sit:ym2-to-house"	"SurfaceExplicit"	"{""status"":""present"",""value"":""wog:ctx:world""}"
"3480df7007cb6dcab43d3f725cfd83820c3b42d523253166569b51940554a142"	"wog:sit:ym2-went-with-warriors"	"event"	"wog:claim:sit:ym2-went-with-warriors"	"SurfaceExplicit"	"{""status"":""present"",""value"":""wog:ctx:speech-ym1-c""}"
"3480df7007cb6dcab43d3f725cfd83820c3b42d523253166569b51940554a142"	"wog:sit:you-may-go"	"event"	"wog:claim:sit:you-may-go"	"SurfaceExplicit"	"{""status"":""present"",""value"":""wog:ctx:speech-ym1-b""}"
"3480df7007cb6dcab43d3f725cfd83820c3b42d523253166569b51940554a142"	"wog:ctx:belief-ghosts"	"context"	"wog:claim:ctx:wog:ctx:belief-ghosts"	"SurfaceExplicit"	"{""status"":""present"",""value"":""wog:ctx:world""}"
"3480df7007cb6dcab43d3f725cfd83820c3b42d523253166569b51940554a142"	"wog:ctx:belief-people"	"context"	"wog:claim:ctx:wog:ctx:belief-people"	"SurfaceExplicit"	"{""status"":""present"",""value"":""wog:ctx:world""}"
"3480df7007cb6dcab43d3f725cfd83820c3b42d523253166569b51940554a142"	"wog:ctx:speech-warriors-1"	"context"	"wog:claim:ctx:wog:ctx:speech-warriors-1"	"SurfaceExplicit"	"{""status"":""present"",""value"":""wog:ctx:world""}"
"3480df7007cb6dcab43d3f725cfd83820c3b42d523253166569b51940554a142"	"wog:ctx:speech-warriors-2"	"context"	"wog:claim:ctx:wog:ctx:speech-warriors-2"	"SurfaceExplicit"	"{""status"":""present"",""value"":""wog:ctx:world""}"
"3480df7007cb6dcab43d3f725cfd83820c3b42d523253166569b51940554a142"	"wog:ctx:speech-warriors-3"	"context"	"wog:claim:ctx:wog:ctx:speech-warriors-3"	"SurfaceExplicit"	"{""status"":""present"",""value"":""wog:ctx:world""}"
"3480df7007cb6dcab43d3f725cfd83820c3b42d523253166569b51940554a142"	"wog:ctx:speech-ym1-a"	"context"	"wog:claim:ctx:wog:ctx:speech-ym1-a"	"SurfaceExplicit"	"{""status"":""present"",""value"":""wog:ctx:world""}"
"3480df7007cb6dcab43d3f725cfd83820c3b42d523253166569b51940554a142"	"wog:ctx:speech-ym1-b"	"context"	"wog:claim:ctx:wog:ctx:speech-ym1-b"	"SurfaceExplicit"	"{""status"":""present"",""value"":""wog:ctx:world""}"
"3480df7007cb6dcab43d3f725cfd83820c3b42d523253166569b51940554a142"	"wog:ctx:speech-ym1-c"	"context"	"wog:claim:ctx:wog:ctx:speech-ym1-c"	"SurfaceExplicit"	"{""status"":""present"",""value"":""wog:ctx:world""}"
"3480df7007cb6dcab43d3f725cfd83820c3b42d523253166569b51940554a142"	"wog:ctx:speech-ym2"	"context"	"wog:claim:ctx:wog:ctx:speech-ym2"	"SurfaceExplicit"	"{""status"":""present"",""value"":""wog:ctx:world""}"
"3480df7007cb6dcab43d3f725cfd83820c3b42d523253166569b51940554a142"	"wog:ctx:speech-ym2-inner"	"context"	"wog:claim:ctx:wog:ctx:speech-ym2-inner"	"SurfaceExplicit"	"{""status"":""present"",""value"":""wog:ctx:speech-ym2""}"
"3480df7007cb6dcab43d3f725cfd83820c3b42d523253166569b51940554a142"	"wog:ctx:thought-war-party"	"context"	"wog:claim:ctx:wog:ctx:thought-war-party"	"SurfaceExplicit"	"{""status"":""present"",""value"":""wog:ctx:world""}"
"3480df7007cb6dcab43d3f725cfd83820c3b42d523253166569b51940554a142"	"wog:ctx:world"	"context"	"wog:claim:ctx:wog:ctx:world"	"SurfaceExplicit"	"{""reason"":""root-context"",""status"":""absent""}"
"3480df7007cb6dcab43d3f725cfd83820c3b42d523253166569b51940554a142"	"wog:seg:ep1-river"	"segment"	"wog:claim:seg:wog:seg:ep1-river"	"SurfaceExplicit"	"{""status"":""not-applicable""}"
"3480df7007cb6dcab43d3f725cfd83820c3b42d523253166569b51940554a142"	"wog:seg:ep2-expedition"	"segment"	"wog:claim:seg:wog:seg:ep2-expedition"	"SurfaceExplicit"	"{""status"":""not-applicable""}"
"3480df7007cb6dcab43d3f725cfd83820c3b42d523253166569b51940554a142"	"wog:seg:ep3-return"	"segment"	"wog:claim:seg:wog:seg:ep3-return"	"SurfaceExplicit"	"{""status"":""not-applicable""}"
"3480df7007cb6dcab43d3f725cfd83820c3b42d523253166569b51940554a142"	"wog:seg:sc1a-hunting"	"segment"	"wog:claim:seg:wog:seg:sc1a-hunting"	"SurfaceExplicit"	"{""status"":""not-applicable""}"
"3480df7007cb6dcab43d3f725cfd83820c3b42d523253166569b51940554a142"	"wog:seg:sc1b-war-cries"	"segment"	"wog:claim:seg:wog:seg:sc1b-war-cries"	"SurfaceExplicit"	"{""status"":""not-applicable""}"
"3480df7007cb6dcab43d3f725cfd83820c3b42d523253166569b51940554a142"	"wog:seg:sc1c-canoe-arrives"	"segment"	"wog:claim:seg:wog:seg:sc1c-canoe-arrives"	"SurfaceExplicit"	"{""status"":""not-applicable""}"
"3480df7007cb6dcab43d3f725cfd83820c3b42d523253166569b51940554a142"	"wog:seg:sc2a-invitation"	"segment"	"wog:claim:seg:wog:seg:sc2a-invitation"	"SurfaceExplicit"	"{""status"":""not-applicable""}"
"3480df7007cb6dcab43d3f725cfd83820c3b42d523253166569b51940554a142"	"wog:seg:sc2b-parting"	"segment"	"wog:claim:seg:wog:seg:sc2b-parting"	"SurfaceExplicit"	"{""status"":""not-applicable""}"
"3480df7007cb6dcab43d3f725cfd83820c3b42d523253166569b51940554a142"	"wog:seg:sc2c-journey-battle"	"segment"	"wog:claim:seg:wog:seg:sc2c-journey-battle"	"SurfaceExplicit"	"{""status"":""not-applicable""}"
"3480df7007cb6dcab43d3f725cfd83820c3b42d523253166569b51940554a142"	"wog:seg:sc3a-retreat"	"segment"	"wog:claim:seg:wog:seg:sc3a-retreat"	"SurfaceExplicit"	"{""status"":""not-applicable""}"
"3480df7007cb6dcab43d3f725cfd83820c3b42d523253166569b51940554a142"	"wog:seg:sc3b-recounting"	"segment"	"wog:claim:seg:wog:seg:sc3b-recounting"	"SurfaceExplicit"	"{""status"":""not-applicable""}"
"3480df7007cb6dcab43d3f725cfd83820c3b42d523253166569b51940554a142"	"wog:seg:sc3c-death"	"segment"	"wog:claim:seg:wog:seg:sc3c-death"	"SurfaceExplicit"	"{""status"":""not-applicable""}"
"3480df7007cb6dcab43d3f725cfd83820c3b42d523253166569b51940554a142"	"wog:seg:story"	"segment"	"wog:claim:seg:wog:seg:story"	"SurfaceExplicit"	"{""status"":""not-applicable""}"
