"model_digest"	"claim_id"	"layer"	"from"	"relation"	"to"	"context"	"claim_status"
"3480df7007cb6dcab43d3f725cfd83820c3b42d523253166569b51940554a142"	"wog:claim:part:wog:sit:people-at-egulac:Theme:wog:ent:relatives"	"participant"	"wog:sit:people-at-egulac"	"{""status"":""standard"",""value"":""Theme""}"	"wog:ent:relatives"	"{""status"":""not-applicable""}"	"SurfaceExplicit"
"3480df7007cb6dcab43d3f725cfd83820c3b42d523253166569b51940554a142"	"wog:claim:part:wog:sit:war-party-present:Theme:wog:ent:warriors"	"participant"	"wog:sit:war-party-present"	"{""status"":""standard"",""value"":""Theme""}"	"wog:ent:warriors"	"{""status"":""not-applicable""}"	"WorldKnowledgeInferred"
"3480df7007cb6dcab43d3f725cfd83820c3b42d523253166569b51940554a142"	"wog:claim:part:wog:sit:canoes-come-up:Theme:wog:ent:canoe"	"participant"	"wog:sit:canoes-come-up"	"{""status"":""standard"",""value"":""Theme""}"	"wog:ent:canoe"	"{""status"":""not-applicable""}"	"WorldKnowledgeInferred"
"3480df7007cb6dcab43d3f725cfd83820c3b42d523253166569b51940554a142"	"wog:claim:part:wog:sit:ym2-injured:Patient:wog:ent:young-man-2"	"participant"	"wog:sit:ym2-injured"	"{""status"":""standard"",""value"":""Patient""}"	"wog:ent:young-man-2"	"{""status"":""not-applicable""}"	"Hypothesized"
"3480df7007cb6dcab43d3f725cfd83820c3b42d523253166569b51940554a142"	"wog:claim:part:wog:sit:people-at-egulac:Location:wog:ent:egulac"	"participant"	"wog:sit:people-at-egulac"	"{""status"":""standard"",""value"":""Location""}"	"wog:ent:egulac"	"{""status"":""not-applicable""}"	"SurfaceExplicit"
"3480df7007cb6dcab43d3f725cfd83820c3b42d523253166569b51940554a142"	"wog:claim:part:wog:sit:hunt-seals:Agent:wog:ent:young-men"	"participant"	"wog:sit:hunt-seals"	"{""status"":""standard"",""value"":""Agent""}"	"wog:ent:young-men"	"{""status"":""not-applicable""}"	"SurfaceExplicit"
"3480df7007cb6dcab43d3f725cfd83820c3b42d523253166569b51940554a142"	"wog:claim:part:wog:sit:down-river:Agent:wog:ent:young-men"	"participant"	"wog:sit:down-river"	"{""status"":""standard"",""value"":""Agent""}"	"wog:ent:young-men"	"{""status"":""not-applicable""}"	"SurfaceExplicit"
"3480df7007cb6dcab43d3f725cfd83820c3b42d523253166569b51940554a142"	"wog:claim:part:wog:sit:down-river:Location:wog:ent:river"	"participant"	"wog:sit:down-river"	"{""status"":""standard"",""value"":""Location""}"	"wog:ent:river"	"{""status"":""not-applicable""}"	"SurfaceExplicit"
"3480df7007cb6dcab43d3f725cfd83820c3b42d523253166569b51940554a142"	"wog:claim:part:wog:sit:hear-war-cries:Experiencer:wog:ent:young-men"	"participant"	"wog:sit:hear-war-cries"	"{""status"":""standard"",""value"":""Experiencer""}"	"wog:ent:young-men"	"{""status"":""not-applicable""}"	"SurfaceExplicit"
"3480df7007cb6dcab43d3f725cfd83820c3b42d523253166569b51940554a142"	"wog:claim:part:wog:sit:think-war-party:Agent:wog:ent:young-men"	"participant"	"wog:sit:think-war-party"	"{""status"":""standard"",""value"":""Agent""}"	"wog:ent:young-men"	"{""status"":""not-applicable""}"	"SurfaceExplicit"
"3480df7007cb6dcab43d3f725cfd83820c3b42d523253166569b51940554a142"	"wog:claim:part:wog:sit:hide:Agent:wog:ent:young-men"	"participant"	"wog:sit:hide"	"{""status"":""standard"",""value"":""Agent""}"	"wog:ent:young-men"	"{""status"":""not-applicable""}"	"SurfaceExplicit"
"3480df7007cb6dcab43d3f725cfd83820c3b42d523253166569b51940554a142"	"wog:claim:part:wog:sit:hide:Location:wog:ent:log"	"participant"	"wog:sit:hide"	"{""status"":""standard"",""value"":""Location""}"	"wog:ent:log"	"{""status"":""not-applicable""}"	"SurfaceExplicit"
"3480df7007cb6dcab43d3f725cfd83820c3b42d523253166569b51940554a142"	"wog:claim:part:wog:sit:hear-paddles:Experiencer:wog:ent:young-men"	"participant"	"wog:sit:hear-paddles"	"{""status"":""standard"",""value"":""Experiencer""}"	"wog:ent:young-men"	"{""status"":""not-applicable""}"	"SurfaceExplicit"
"3480df7007cb6dcab43d3f725cfd83820c3b42d523253166569b51940554a142"	"wog:claim:part:wog:sit:see-canoe:Experiencer:wog:ent:young-men"	"participant"	"wog:sit:see-canoe"	"{""status"":""standard"",""value"":""Experiencer""}"	"wog:ent:young-men"	"{""status"":""not-applicable""}"	"SurfaceExplicit"
"3480df7007cb6dcab43d3f725cfd83820c3b42d523253166569b51940554a142"	"wog:claim:part:wog:sit:see-canoe:Stimulus:wog:ent:canoe"	"participant"	"wog:sit:see-canoe"	"{""status"":""standard"",""value"":""Stimulus""}"	"wog:ent:canoe"	"{""status"":""not-applicable""}"	"SurfaceExplicit"
"3480df7007cb6dcab43d3f725cfd83820c3b42d523253166569b51940554a142"	"wog:claim:part:wog:sit:five-men-in-canoe:Theme:wog:ent:warriors"	"participant"	"wog:sit:five-men-in-canoe"	"{""status"":""standard"",""value"":""Theme""}"	"wog:ent:warriors"	"{""status"":""not-applicable""}"	"SurfaceExplicit"
"3480df7007cb6dcab43d3f725cfd83820c3b42d523253166569b51940554a142"	"wog:claim:part:wog:sit:five-men-in-canoe:Location:wog:ent:canoe"	"participant"	"wog:sit:five-men-in-canoe"	"{""status"":""standard"",""value"":""Location""}"	"wog:ent:canoe"	"{""status"":""not-applicable""}"	"SurfaceExplicit"
"3480df7007cb6dcab43d3f725cfd83820c3b42d523253166569b51940554a142"	"wog:claim:part:wog:sit:warriors-speak:Agent:wog:ent:warriors"	"participant"	"wog:sit:warriors-speak"	"{""status"":""standard"",""value"":""Agent""}"	"wog:ent:warriors"	"{""status"":""not-applicable""}"	"SurfaceExplicit"
"3480df7007cb6dcab43d3f725cfd83820c3b42d523253166569b51940554a142"	"wog:claim:part:wog:sit:warriors-speak:Patient:wog:ent:young-men"	"participant"	"wog:sit:warriors-speak"	"{""status"":""standard"",""value"":""Patient""}"	"wog:ent:young-men"	"{""status"":""not-applicable""}"	"SurfaceExplicit"
"3480df7007cb6dcab43d3f725cfd83820c3b42d523253166569b51940554a142"	"wog:claim:part:wog:sit:wish-take-along:Experiencer:wog:ent:warriors"	"participant"	"wog:sit:wish-take-along"	"{""status"":""standard"",""value"":""Experiencer""}"	"wog:ent:warriors"	"{""status"":""not-applicable""}"	"SurfaceExplicit"
"3480df7007cb6dcab43d3f725cfd83820c3b42d523253166569b51940554a142"	"wog:claim:part:wog:sit:wish-take-along:Theme:wog:ent:young-men"	"participant"	"wog:sit:wish-take-along"	"{""status"":""standard"",""value"":""Theme""}"	"wog:ent:young-men"	"{""status"":""not-applicable""}"	"SurfaceExplicit"
"3480df7007cb6dcab43d3f725cfd83820c3b42d523253166569b51940554a142"	"wog:claim:part:wog:sit:announced-war:Agent:wog:ent:warriors"	"participant"	"wog:sit:announced-war"	"{""status"":""standard"",""value"":""Agent""}"	"wog:ent:warriors"	"{""status"":""not-applicable""}"	"SurfaceExplicit"
"3480df7007cb6dcab43d3f725cfd83820c3b42d523253166569b51940554a142"	"wog:claim:part:wog:sit:announced-war:Patient:wog:ent:kalama-people"	"participant"	"wog:sit:announced-war"	"{""status"":""standard"",""value"":""Patient""}"	"wog:ent:kalama-people"	"{""status"":""not-applicable""}"	"SurfaceExplicit"
"3480df7007cb6dcab43d3f725cfd83820c3b42d523253166569b51940554a142"	"wog:claim:part:wog:sit:announced-war:Location:wog:ent:river"	"participant"	"wog:sit:announced-war"	"{""status"":""standard"",""value"":""Location""}"	"wog:ent:river"	"{""status"":""not-applicable""}"	"SurfaceExplicit"
"3480df7007cb6dcab43d3f725cfd83820c3b42d523253166569b51940554a142"	"wog:claim:part:wog:sit:ym1-says-no-arrows:Agent:wog:ent:young-man-1"	"participant"	"wog:sit:ym1-says-no-arrows"	"{""status"":""standard"",""value"":""Agent""}"	"wog:ent:young-man-1"	"{""status"":""not-applicable""}"	"WorldKnowledgeInferred"
"3480df7007cb6dcab43d3f725cfd83820c3b42d523253166569b51940554a142"	"wog:claim:part:wog:sit:lack-arrows:Theme:wog:ent:arrows"	"participant"	"wog:sit:lack-arrows"	"{""status"":""standard"",""value"":""Theme""}"	"wog:ent:arrows"	"{""status"":""not-applicable""}"	"SurfaceExplicit"
"3480df7007cb6dcab43d3f725cfd83820c3b42d523253166569b51940554a142"	"wog:claim:part:wog:sit:lack-arrows:Experiencer:wog:ent:young-man-1"	"participant"	"wog:sit:lack-arrows"	"{""status"":""standard"",""value"":""Experiencer""}"	"wog:ent:young-man-1"	"{""status"":""not-applicable""}"	"SurfaceExplicit"
"3480df7007cb6dcab43d3f725cfd83820c3b42d523253166569b51940554a142"	"wog:claim:part:wog:sit:warriors-say-arrows:Agent:wog:ent:warriors"	"participant"	"wog:sit:warriors-say-arrows"	"{""status"":""standard"",""value"":""Agent""}"	"wog:ent:warriors"	"{""status"":""not-applicable""}"	"SurfaceExplicit"
"3480df7007cb6dcab43d3f725cfd83820c3b42d523253166569b51940554a142"	"wog:claim:part:wog:sit:arrows-in-canoe:Theme:wog:ent:arrows"	"participant"	"wog:sit:arrows-in-canoe"	"{""status"":""standard"",""value"":""Theme""}"	"wog:ent:arrows"	"{""status"":""not-applicable""}"	"SurfaceExplicit"
"3480df7007cb6dcab43d3f725cfd83820c3b42d523253166569b51940554a142"	"wog:claim:part:wog:sit:arrows-in-canoe:Location:wog:ent:canoe"	"participant"	"wog:sit:arrows-in-canoe"	"{""status"":""standard"",""value"":""Location""}"	"wog:ent:canoe"	"{""status"":""not-applicable""}"	"SurfaceExplicit"
"3480df7007cb6dcab43d3f725cfd83820c3b42d523253166569b51940554a142"	"wog:claim:part:wog:sit:ym1-declines:Agent:wog:ent:young-man-1"	"participant"	"wog:sit:ym1-declines"	"{""status"":""standard"",""value"":""Agent""}"	"wog:ent:young-man-1"	"{""status"":""not-applicable""}"	"SurfaceExplicit"
"3480df7007cb6dcab43d3f725cfd83820c3b42d523253166569b51940554a142"	"wog:claim:part:wog:sit:ym1-declines:Patient:wog:ent:young-man-2"	"participant"	"wog:sit:ym1-declines"	"{""status"":""standard"",""value"":""Patient""}"	"wog:ent:young-man-2"	"{""status"":""not-applicable""}"	"SurfaceExplicit"
"3480df7007cb6dcab43d3f725cfd83820c3b42d523253166569b51940554a142"	"wog:claim:part:wog:sit:not-go-along:Agent:wog:ent:young-man-1"	"participant"	"wog:sit:not-go-along"	"{""status"":""standard"",""value"":""Agent""}"	"wog:ent:young-man-1"	"{""status"":""not-applicable""}"	"SurfaceExplicit"
"3480df7007cb6dcab43d3f725cfd83820c3b42d523253166569b51940554a142"	"wog:claim:part:wog:sit:might-be-killed:Patient:wog:ent:young-man-1"	"participant"	"wog:sit:might-be-killed"	"{""status"":""standard"",""value"":""Patient""}"	"wog:ent:young-man-1"	"{""status"":""not-applicable""}"	"SurfaceExplicit"
"3480df7007cb6dcab43d3f725cfd83820c3b42d523253166569b51940554a142"	"wog:claim:part:wog:sit:relatives-not-know:Experiencer:wog:ent:relatives"	"participant"	"wog:sit:relatives-not-know"	"{""status"":""standard"",""value"":""Experiencer""}"	"wog:ent:relatives"	"{""status"":""not-applicable""}"	"SurfaceExplicit"
"3480df7007cb6dcab43d3f725cfd83820c3b42d523253166569b51940554a142"	"wog:claim:part:wog:sit:you-may-go:Agent:wog:ent:young-man-2"	"participant"	"wog:sit:you-may-go"	"{""status"":""standard"",""value"":""Agent""}"	"wog:ent:young-man-2"	"{""status"":""not-applicable""}"	"SurfaceExplicit"
"3480df7007cb6dcab43d3f725cfd83820c3b42d523253166569b51940554a142"	"wog:claim:part:wog:sit:you-may-go:Theme:wog:ent:warriors"	"participant"	"wog:sit:you-may-go"	"{""status"":""standard"",""value"":""Theme""}"	"wog:ent:warriors"	"{""status"":""not-applicable""}"	"SurfaceExplicit"
"3480df7007cb6dcab43d3f725cfd83820c3b42d523253166569b51940554a142"	"wog:claim:part:wog:sit:ym2-accompanies:Agent:wog:ent:young-man-2"	"participant"	"wog:sit:ym2-accompanies"	"{""status"":""standard"",""value"":""Agent""}"	"wog:ent:young-man-2"	"{""status"":""not-applicable""}"	"SurfaceExplicit"
"3480df7007cb6dcab43d3f725cfd83820c3b42d523253166569b51940554a142"	"wog:claim:part:wog:sit:ym2-accompanies:Theme:wog:ent:warriors"	"participant"	"wog:sit:ym2-accompanies"	"{""status"":""standard"",""value"":""Theme""}"	"wog:ent:warriors"	"{""status"":""not-applicable""}"	"SurfaceExplicit"
"3480df7007cb6dcab43d3f725cfd83820c3b42d523253166569b51940554a142"	"wog:claim:part:wog:sit:ym2-enters-canoe:Agent:wog:ent:young-man-2"	"participant"	"wog:sit:ym2-enters-canoe"	"{""status"":""standard"",""value"":""Agent""}"	"wog:ent:young-man-2"	"{""status"":""not-applicable""}"	"SurfaceExplicit"
"3480df7007cb6dcab43d3f725cfd83820c3b42d523253166569b51940554a142"	"wog:claim:part:wog:sit:ym2-enters-canoe:Destination:wog:ent:canoe"	"participant"	"wog:sit:ym2-enters-canoe"	"{""status"":""standard"",""value"":""Destination""}"	"wog:ent:canoe"	"{""status"":""not-applicable""}"	"SurfaceExplicit"
"3480df7007cb6dcab43d3f725cfd83820c3b42d523253166569b51940554a142"	"wog:claim:part:wog:sit:ym1-goes-home:Agent:wog:ent:young-man-1"	"participant"	"wog:sit:ym1-goes-home"	"{""status"":""standard"",""value"":""Agent""}"	"wog:ent:young-man-1"	"{""status"":""not-applicable""}"	"SurfaceExplicit"
"3480df7007cb6dcab43d3f725cfd83820c3b42d523253166569b51940554a142"	"wog:claim:part:wog:sit:ym1-returns-midnight:Agent:wog:ent:young-man-1"	"participant"	"wog:sit:ym1-returns-midnight"	"{""status"":""standard"",""value"":""Agent""}"	"wog:ent:young-man-1"	"{""status"":""not-applicable""}"	"SurfaceExplicit"
"3480df7007cb6dcab43d3f725cfd83820c3b42d523253166569b51940554a142"	"wog:claim:part:wog:sit:ym1-reports:Agent:wog:ent:young-man-1"	"participant"	"wog:sit:ym1-reports"	"{""status"":""standard"",""value"":""Agent""}"	"wog:ent:young-man-1"	"{""status"":""not-applicable""}"	"SurfaceExplicit"
"3480df7007cb6dcab43d3f725cfd83820c3b42d523253166569b51940554a142"	"wog:claim:part:wog:sit:relative-left-me:Agent:wog:ent:young-man-2"	"participant"	"wog:sit:relative-left-me"	"{""status"":""standard"",""value"":""Agent""}"	"wog:ent:young-man-2"	"{""status"":""not-applicable""}"	"SurfaceExplicit"
"3480df7007cb6dcab43d3f725cfd83820c3b42d523253166569b51940554a142"	"wog:claim:part:wog:sit:relative-left-me:Patient:wog:ent:young-man-1"	"participant"	"wog:sit:relative-left-me"	"{""status"":""standard"",""value"":""Patient""}"	"wog:ent:young-man-1"	"{""status"":""not-applicable""}"	"SurfaceExplicit"
"3480df7007cb6dcab43d3f725cfd83820c3b42d523253166569b51940554a142"	"wog:claim:part:wog:sit:ym2-went-with-warriors:Agent:wog:ent:young-man-2"	"participant"	"wog:sit:ym2-went-with-warriors"	"{""status"":""standard"",""value"":""Agent""}"	"wog:ent:young-man-2"	"{""status"":""not-applicable""}"	"SurfaceExplicit"
"3480df7007cb6dcab43d3f725cfd83820c3b42d523253166569b51940554a142"	"wog:claim:part:wog:sit:ym2-went-with-warriors:Theme:wog:ent:warriors"	"participant"	"wog:sit:ym2-went-with-warriors"	"{""status"":""standard"",""value"":""Theme""}"	"wog:ent:warriors"	"{""status"":""not-applicable""}"	"SurfaceExplicit"
"3480df7007cb6dcab43d3f725cfd83820c3b42d523253166569b51940554a142"	"wog:claim:part:wog:sit:warriors-go:Agent:wog:ent:warriors"	"participant"	"wog:sit:warriors-go"	"{""status"":""standard"",""value"":""Agent""}"	"wog:ent:warriors"	"{""status"":""not-applicable""}"	"SurfaceExplicit"
"3480df7007cb6dcab43d3f725cfd83820c3b42d523253166569b51940554a142"	"wog:claim:part:wog:sit:talk-in-canoe:Agent:wog:ent:warriors"	"participant"	"wog:sit:talk-in-canoe"	"{""status"":""standard"",""value"":""Agent""}"	"wog:ent:warriors"	"{""status"":""not-applicable""}"	"SurfaceExplicit"
"3480df7007cb6dcab43d3f725cfd83820c3b42d523253166569b51940554a142"	"wog:claim:part:wog:sit:arrive-kalama:Agent:wog:ent:warriors"	"participant"	"wog:sit:arrive-kalama"	"{""status"":""standard"",""value"":""Agent""}"	"wog:ent:warriors"	"{""status"":""not-applicable""}"	"SurfaceExplicit"
"3480df7007cb6dcab43d3f725cfd83820c3b42d523253166569b51940554a142"	"wog:claim:part:wog:sit:arrive-kalama:Destination:wog:ent:kalama"	"participant"	"wog:sit:arrive-kalama"	"{""status"":""standard"",""value"":""Destination""}"	"wog:ent:kalama"	"{""status"":""not-applicable""}"	"SurfaceExplicit"
"3480df7007cb6dcab43d3f725cfd83820c3b42d523253166569b51940554a142"	"wog:claim:part:wog:sit:enemy-come-to-water:Agent:wog:ent:kalama-people"	"participant"	"wog:sit:enemy-come-to-water"	"{""status"":""standard"",""value"":""Agent""}"	"wog:ent:kalama-people"	"{""status"":""not-applicable""}"	"SurfaceExplicit"
"3480df7007cb6dcab43d3f725cfd83820c3b42d523253166569b51940554a142"	"wog:claim:part:wog:sit:battle:Agent:wog:ent:warriors"	"participant"	"wog:sit:battle"	"{""status"":""standard"",""value"":""Agent""}"	"wog:ent:warriors"	"{""status"":""not-applicable""}"	"SurfaceExplicit"
"3480df7007cb6dcab43d3f725cfd83820c3b42d523253166569b51940554a142"	"wog:claim:part:wog:sit:battle:Patient:wog:ent:kalama-people"	"participant"	"wog:sit:battle"	"{""status"":""standard"",""value"":""Patient""}"	"wog:ent:kalama-people"	"{""status"":""not-applicable""}"	"SurfaceExplicit"
"3480df7007cb6dcab43d3f725cfd83820c3b42d523253166569b51940554a142"	"wog:claim:part:wog:sit:ym2-thinks-people:Agent:wog:ent:young-man-2"	"participant"	"wog:sit:ym2-thinks-people"	"{""status"":""standard"",""value"":""Agent""}"	"wog:ent:young-man-2"	"{""status"":""not-applicable""}"	"SurfaceExplicit"
"3480df7007cb6dcab43d3f725cfd83820c3b42d523253166569b51940554a142"	"wog:claim:part:wog:sit:warriors-are-people:Theme:wog:ent:warriors"	"participant"	"wog:sit:warriors-are-people"	"{""status"":""standard"",""value"":""Theme""}"	"wog:ent:warriors"	"{""status"":""not-applicable""}"	"SurfaceExplicit"
"3480df7007cb6dcab43d3f725cfd83820c3b42d523253166569b51940554a142"	"wog:claim:part:wog:sit:fellow-shot:Patient:wog:ent:shot-fellow"	"participant"	"wog:sit:fellow-shot"	"{""status"":""standard"",""value"":""Patient""}"	"wog:ent:shot-fellow"	"{""status"":""not-applicable""}"	"SurfaceExplicit"
"3480df7007cb6dcab43d3f725cfd83820c3b42d523253166569b51940554a142"	"wog:claim:part:wog:sit:carry-into-canoe:Agent:wog:ent:warriors"	"participant"	"wog:sit:carry-into-canoe"	"{""status"":""standard"",""value"":""Agent""}"	"wog:ent:warriors"	"{""status"":""not-applicable""}"	"SurfaceExplicit"
"3480df7007cb6dcab43d3f725cfd83820c3b42d523253166569b51940554a142"	"wog:claim:part:wog:sit:carry-into-canoe:Patient:wog:ent:shot-fellow"	"participant"	"wog:sit:carry-into-canoe"	"{""status"":""standard"",""value"":""Patient""}"	"wog:ent:shot-fellow"	"{""status"":""not-applicable""}"	"SurfaceExplicit"
"3480df7007cb6dcab43d3f725cfd83820c3b42d523253166569b51940554a142"	"wog:claim:part:wog:sit:carry-into-canoe:Destination:wog:ent:canoe"	"participant"	"wog:sit:carry-into-canoe"	"{""status"":""standard"",""value"":""Destination""}"	"wog:ent:canoe"	"{""status"":""not-applicable""}"	"SurfaceExplicit"
"3480df7007cb6dcab43d3f725cfd83820c3b42d523253166569b51940554a142"	"wog:claim:part:wog:sit:warriors-say-go-home:Agent:wog:ent:warriors"	"participant"	"wog:sit:warriors-say-go-home"	"{""status"":""standard"",""value"":""Agent""}"	"wog:ent:warriors"	"{""status"":""not-applicable""}"	"SurfaceExplicit"
"3480df7007cb6dcab43d3f725cfd83820c3b42d523253166569b51940554a142"	"wog:claim:part:wog:sit:let-us-go-home:Agent:wog:ent:warriors"	"participant"	"wog:sit:let-us-go-home"	"{""status"":""standard"",""value"":""Agent""}"	"wog:ent:warriors"	"{""status"":""not-applicable""}"	"SurfaceExplicit"
"3480df7007cb6dcab43d3f725cfd83820c3b42d523253166569b51940554a142"	"wog:claim:part:wog:sit:reported-shot:Patient:wog:ent:young-man-2"	"participant"	"wog:sit:reported-shot"	"{""status"":""standard"",""value"":""Patient""}"	"wog:ent:young-man-2"	"{""status"":""not-applicable""}"	"SurfaceExplicit"
"3480df7007cb6dcab43d3f725cfd83820c3b42d523253166569b51940554a142"	"wog:claim:part:wog:sit:ym2-concludes-ghosts:Agent:wog:ent:young-man-2"	"participant"	"wog:sit:ym2-concludes-ghosts"	"{""status"":""standard"",""value"":""Agent""}"	"wog:ent:young-man-2"	"{""status"":""not-applicable""}"	"SurfaceExplicit"
"3480df7007cb6dcab43d3f725cfd83820c3b42d523253166569b51940554a142"	"wog:claim:part:wog:sit:warriors-are-ghosts:Theme:wog:ent:warriors"	"participant"	"wog:sit:warriors-are-ghosts"	"{""status"":""standard"",""value"":""Theme""}"	"wog:ent:warriors"	"{""status"":""not-applicable""}"	"SurfaceExplicit"
"3480df7007cb6dcab43d3f725cfd83820c3b42d523253166569b51940554a142"	"wog:claim:part:wog:sit:not-feel-sick:Experiencer:wog:ent:young-man-2"	"participant"	"wog:sit:not-feel-sick"	"{""status"":""standard"",""value"":""Experiencer""}"	"wog:ent:young-man-2"	"{""status"":""not-applicable""}"	"SurfaceExplicit"
"3480df7007cb6dcab43d3f725cfd83820c3b42d523253166569b51940554a142"	"wog:claim:part:wog:sit:warriors-go-home:Agent:wog:ent:warriors"	"participant"	"wog:sit:warriors-go-home"	"{""status"":""standard"",""value"":""Agent""}"	"wog:ent:warriors"	"{""status"":""not-applicable""}"	"SurfaceExplicit"
"3480df7007cb6dcab43d3f725cfd83820c3b42d523253166569b51940554a142"	"wog:claim:part:wog:sit:arrive-egulac:Agent:wog:ent:warriors"	"participant"	"wog:sit:arrive-egulac"	"{""status"":""standard"",""value"":""Agent""}"	"wog:ent:warriors"	"{""status"":""not-applicable""}"	"SurfaceExplicit"
"3480df7007cb6dcab43d3f725cfd83820c3b42d523253166569b51940554a142"	"wog:claim:part:wog:sit:arrive-egulac:Destination:wog:ent:egulac"	"participant"	"wog:sit:arrive-egulac"	"{""status"":""standard"",""value"":""Destination""}"	"wog:ent:egulac"	"{""status"":""not-applicable""}"	"SurfaceExplicit"
"3480df7007cb6dcab43d3f725cfd83820c3b42d523253166569b51940554a142"	"wog:claim:part:wog:sit:canoe-lands:Theme:wog:ent:canoe"	"participant"	"wog:sit:canoe-lands"	"{""status"":""standard"",""value"":""Theme""}"	"wog:ent:canoe"	"{""status"":""not-applicable""}"	"SurfaceExplicit"
"3480df7007cb6dcab43d3f725cfd83820c3b42d523253166569b51940554a142"	"wog:claim:part:wog:sit:ym2-ashore:Agent:wog:ent:young-man-2"	"participant"	"wog:sit:ym2-ashore"	"{""status"":""standard"",""value"":""Agent""}"	"wog:ent:young-man-2"	"{""status"":""not-applicable""}"	"SurfaceExplicit"
"3480df7007cb6dcab43d3f725cfd83820c3b42d523253166569b51940554a142"	"wog:claim:part:wog:sit:warriors-down-river:Agent:wog:ent:warriors"	"participant"	"wog:sit:warriors-down-river"	"{""status"":""standard"",""value"":""Agent""}"	"wog:ent:warriors"	"{""status"":""not-applicable""}"	"SurfaceExplicit"
"3480df7007cb6dcab43d3f725cfd83820c3b42d523253166569b51940554a142"	"wog:claim:part:wog:sit:warriors-down-river:Location:wog:ent:river"	"participant"	"wog:sit:warriors-down-river"	"{""status"":""standard"",""value"":""Location""}"	"wog:ent:river"	"{""status"":""not-applicable""}"	"SurfaceExplicit"
"3480df7007cb6dcab43d3f725cfd83820c3b42d523253166569b51940554a142"	"wog:claim:part:wog:sit:ym2-to-house:Agent:wog:ent:young-man-2"	"participant"	"wog:sit:ym2-to-house"	"{""status"":""standard"",""value"":""Agent""}"	"wog:ent:young-man-2"	"{""status"":""not-applicable""}"	"SurfaceExplicit"
"3480df7007cb6dcab43d3f725cfd83820c3b42d523253166569b51940554a142"	"wog:claim:part:wog:sit:ym2-to-house:Destination:wog:ent:house"	"participant"	"wog:sit:ym2-to-house"	"{""status"":""standard"",""value"":""Destination""}"	"wog:ent:house"	"{""status"":""not-applicable""}"	"SurfaceExplicit"
"3480df7007cb6dcab43d3f725cfd83820c3b42d523253166569b51940554a142"	"wog:claim:part:wog:sit:make-fire:Agent:wog:ent:young-man-2"	"participant"	"wog:sit:make-fire"	"{""status"":""standard"",""value"":""Agent""}"	"wog:ent:young-man-2"	"{""status"":""not-applicable""}"	"SurfaceExplicit"
"3480df7007cb6dcab43d3f725cfd83820c3b42d523253166569b51940554a142"	"wog:claim:part:wog:sit:recounting:Agent:wog:ent:young-man-2"	"participant"	"wog:sit:recounting"	"{""status"":""standard"",""value"":""Agent""}"	"wog:ent:young-man-2"	"{""status"":""not-applicable""}"	"SurfaceExplicit"
"3480df7007cb6dcab43d3f725cfd83820c3b42d523253166569b51940554a142"	"wog:claim:part:wog:sit:recounting:Beneficiary:wog:ent:relatives"	"participant"	"wog:sit:recounting"	"{""status"":""standard"",""value"":""Beneficiary""}"	"wog:ent:relatives"	"{""status"":""not-applicable""}"	"SurfaceExplicit"
"3480df7007cb6dcab43d3f725cfd83820c3b42d523253166569b51940554a142"	"wog:claim:part:wog:sit:accompanied-ghosts:Agent:wog:ent:young-man-2"	"participant"	"wog:sit:accompanied-ghosts"	"{""status"":""standard"",""value"":""Agent""}"	"wog:ent:young-man-2"	"{""status"":""not-applicable""}"	"SurfaceExplicit"
"3480df7007cb6dcab43d3f725cfd83820c3b42d523253166569b51940554a142"	"wog:claim:part:wog:sit:accompanied-ghosts:Theme:wog:ent:warriors"	"participant"	"wog:sit:accompanied-ghosts"	"{""status"":""standard"",""value"":""Theme""}"	"wog:ent:warriors"	"{""status"":""not-applicable""}"	"SurfaceExplicit"
"3480df7007cb6dcab43d3f725cfd83820c3b42d523253166569b51940554a142"	"wog:claim:part:wog:sit:we-fought:Agent:wog:ent:warriors"	"participant"	"wog:sit:we-fought"	"{""status"":""standard"",""value"":""Agent""}"	"wog:ent:warriors"	"{""status"":""not-applicable""}"	"SurfaceExplicit"
"3480df7007cb6dcab43d3f725cfd83820c3b42d523253166569b51940554a142"	"wog:claim:part:wog:sit:we-fought:Agent:wog:ent:young-man-2"	"participant"	"wog:sit:we-fought"	"{""status"":""standard"",""value"":""Agent""}"	"wog:ent:young-man-2"	"{""status"":""not-applicable""}"	"SurfaceExplicit"
"3480df7007cb6dcab43d3f725cfd83820c3b42d523253166569b51940554a142"	"wog:claim:part:wog:sit:many-fellows-killed:Patient:wog:ent:warriors"	"participant"	"wog:sit:many-fellows-killed"	"{""status"":""standard"",""value"":""Patient""}"	"wog:ent:warriors"	"{""status"":""not-applicable""}"	"SurfaceExplicit"
"3480df7007cb6dcab43d3f725cfd83820c3b42d523253166569b51940554a142"	"wog:claim:part:wog:sit:many-enemy-killed:Patient:wog:ent:kalama-people"	"participant"	"wog:sit:many-enemy-killed"	"{""status"":""standard"",""value"":""Patient""}"	"wog:ent:kalama-people"	"{""status"":""not-applicable""}"	"SurfaceExplicit"
"3480df7007cb6dcab43d3f725cfd83820c3b42d523253166569b51940554a142"	"wog:claim:part:wog:sit:they-said-shot:Agent:wog:ent:warriors"	"participant"	"wog:sit:they-said-shot"	"{""status"":""standard"",""value"":""Agent""}"	"wog:ent:warriors"	"{""status"":""not-applicable""}"	"SurfaceExplicit"
"3480df7007cb6dcab43d3f725cfd83820c3b42d523253166569b51940554a142"	"wog:claim:part:wog:sit:they-said-shot:Beneficiary:wog:ent:young-man-2"	"participant"	"wog:sit:they-said-shot"	"{""status"":""standard"",""value"":""Beneficiary""}"	"wog:ent:young-man-2"	"{""status"":""not-applicable""}"	"SurfaceExplicit"
"3480df7007cb6dcab43d3f725cfd83820c3b42d523253166569b51940554a142"	"wog:claim:part:wog:sit:i-was-shot:Patient:wog:ent:young-man-2"	"participant"	"wog:sit:i-was-shot"	"{""status"":""standard"",""value"":""Patient""}"	"wog:ent:young-man-2"	"{""status"":""not-applicable""}"	"SurfaceExplicit"
"3480df7007cb6dcab43d3f725cfd83820c3b42d523253166569b51940554a142"	"wog:claim:part:wog:sit:i-did-not-feel-sick:Experiencer:wog:ent:young-man-2"	"participant"	"wog:sit:i-did-not-feel-sick"	"{""status"":""standard"",""value"":""Experiencer""}"	"wog:ent:young-man-2"	"{""status"":""not-applicable""}"	"SurfaceExplicit"
"3480df7007cb6dcab43d3f725cfd83820c3b42d523253166569b51940554a142"	"wog:claim:part:wog:sit:becomes-quiet:Agent:wog:ent:young-man-2"	"participant"	"wog:sit:becomes-quiet"	"{""status"":""standard"",""value"":""Agent""}"	"wog:ent:young-man-2"	"{""status"":""not-applicable""}"	"SurfaceExplicit"
"3480df7007cb6dcab43d3f725cfd83820c3b42d523253166569b51940554a142"	"wog:claim:part:wog:sit:falls-down:Agent:wog:ent:young-man-2"	"participant"	"wog:sit:falls-down"	"{""status"":""standard"",""value"":""Agent""}"	"wog:ent:young-man-2"	"{""status"":""not-applicable""}"	"SurfaceExplicit"
"3480df7007cb6dcab43d3f725cfd83820c3b42d523253166569b51940554a142"	"wog:claim:part:wog:sit:black-from-mouth:Source:wog:ent:young-man-2"	"participant"	"wog:sit:black-from-mouth"	"{""status"":""standard"",""value"":""Source""}"	"wog:ent:young-man-2"	"{""status"":""not-applicable""}"	"SurfaceExplicit"
"3480df7007cb6dcab43d3f725cfd83820c3b42d523253166569b51940554a142"	"wog:claim:part:wog:sit:blood-from-anus:Source:wog:ent:young-man-2"	"participant"	"wog:sit:blood-from-anus"	"{""status"":""standard"",""value"":""Source""}"	"wog:ent:young-man-2"	"{""status"":""not-applicable""}"	"SurfaceExplicit"
"3480df7007cb6dcab43d3f725cfd83820c3b42d523253166569b51940554a142"	"wog:claim:part:wog:sit:face-contorted:Patient:wog:ent:young-man-2"	"participant"	"wog:sit:face-contorted"	"{""status"":""standard"",""value"":""Patient""}"	"wog:ent:young-man-2"	"{""status"":""not-applicable""}"	"SurfaceExplicit"
"3480df7007cb6dcab43d3f725cfd83820c3b42d523253166569b51940554a142"	"wog:claim:part:wog:sit:dead:Theme:wog:ent:young-man-2"	"participant"	"wog:sit:dead"	"{""status"":""standard"",""value"":""Theme""}"	"wog:ent:young-man-2"	"{""status"":""not-applicable""}"	"SurfaceExplicit"
"3480df7007cb6dcab43d3f725cfd83820c3b42d523253166569b51940554a142"	"wog:claim:part:wog:sit:people-cry:Agent:wog:ent:relatives"	"participant"	"wog:sit:people-cry"	"{""status"":""standard"",""value"":""Agent""}"	"wog:ent:relatives"	"{""status"":""not-applicable""}"	"SurfaceExplicit"
"3480df7007cb6dcab43d3f725cfd83820c3b42d523253166569b51940554a142"	"wog:claim:time:wog:sit:hunt-seals:wog:sit:down-river"	"temporal"	"wog:sit:hunt-seals"	"{""status"":""standard"",""value"":""Before""}"	"wog:sit:down-river"	"{""status"":""present"",""value"":""wog:ctx:world""}"	"SurfaceExplicit"
"3480df7007cb6dcab43d3f725cfd83820c3b42d523253166569b51940554a142"	"wog:claim:time:wog:sit:fog-calm:wog:sit:hear-war-cries"	"temporal"	"wog:sit:fog-calm"	"{""status"":""standard"",""value"":""Overlaps""}"	"wog:sit:hear-war-cries"	"{""status"":""present"",""value"":""wog:ctx:world""}"	"LinguisticallyEntailed"
"3480df7007cb6dcab43d3f725cfd83820c3b42d523253166569b51940554a142"	"wog:claim:time:wog:sit:down-river:wog:sit:hear-war-cries"	"temporal"	"wog:sit:down-river"	"{""status"":""standard"",""value"":""Before""}"	"wog:sit:hear-war-cries"	"{""status"":""present"",""value"":""wog:ctx:world""}"	"SurfaceExplicit"
"3480df7007cb6dcab43d3f725cfd83820c3b42d523253166569b51940554a142"	"wog:claim:time:wog:sit:hear-war-cries:wog:sit:think-war-party"	"temporal"	"wog:sit:hear-war-cries"	"{""status"":""standard"",""value"":""Before""}"	"wog:sit:think-war-party"	"{""status"":""present"",""value"":""wog:ctx:world""}"	"SurfaceExplicit"
"3480df7007cb6dcab43d3f725cfd83820c3b42d523253166569b51940554a142"	"wog:claim:time:wog:sit:think-war-party:wog:sit:hide"	"temporal"	"wog:sit:think-war-party"	"{""status"":""standard"",""value"":""Before""}"	"wog:sit:hide"	"{""status"":""present"",""value"":""wog:ctx:world""}"	"SurfaceExplicit"
"3480df7007cb6dcab43d3f725cfd83820c3b42d523253166569b51940554a142"	"wog:claim:time:wog:sit:hide:wog:sit:canoes-come-up"	"temporal"	"wog:sit:hide"	"{""status"":""standard"",""value"":""Before""}"	"wog:sit:canoes-come-up"	"{""status"":""present"",""value"":""wog:ctx:world""}"	"SurfaceExplicit"
"3480df7007cb6dcab43d3f725cfd83820c3b42d523253166569b51940554a142"	"wog:claim:time:wog:sit:canoes-come-up:wog:sit:hear-paddles"	"temporal"	"wog:sit:canoes-come-up"	"{""status"":""standard"",""value"":""Overlaps""}"	"wog:sit:hear-paddles"	"{""status"":""present"",""value"":""wog:ctx:world""}"	"LinguisticallyEntailed"
"3480df7007cb6dcab43d3f725cfd83820c3b42d523253166569b51940554a142"	"wog:claim:time:wog:sit:canoes-come-up:wog:sit:see-canoe"	"temporal"	"wog:sit:canoes-come-up"	"{""status"":""standard"",""value"":""Before""}"	"wog:sit:see-canoe"	"{""status"":""present"",""value"":""wog:ctx:world""}"	"SurfaceExplicit"
"3480df7007cb6dcab43d3f725cfd83820c3b42d523253166569b51940554a142"	"wog:claim:time:wog:sit:see-canoe:wog:sit:warriors-speak"	"temporal"	"wog:sit:see-canoe"	"{""status"":""standard"",""value"":""Before""}"	"wog:sit:warriors-speak"	"{""status"":""present"",""value"":""wog:ctx:world""}"	"SurfaceExplicit"
"3480df7007cb6dcab43d3f725cfd83820c3b42d523253166569b51940554a142"	"wog:claim:time:wog:sit:warriors-speak:wog:sit:ym1-says-no-arrows"	"temporal"	"wog:sit:warriors-speak"	"{""status"":""standard"",""value"":""Before""}"	"wog:sit:ym1-says-no-arrows"	"{""status"":""present"",""value"":""wog:ctx:world""}"	"SurfaceExplicit"
"3480df7007cb6dcab43d3f725cfd83820c3b42d523253166569b51940554a142"	"wog:claim:time:wog:sit:ym1-says-no-arrows:wog:sit:warriors-say-arrows"	"temporal"	"wog:sit:ym1-says-no-arrows"	"{""status"":""standard"",""value"":""Before""}"	"wog:sit:warriors-say-arrows"	"{""status"":""present"",""value"":""wog:ctx:world""}"	"SurfaceExplicit"
"3480df7007cb6dcab43d3f725cfd83820c3b42d523253166569b51940554a142"	"wog:claim:time:wog:sit:warriors-say-arrows:wog:sit:ym1-declines"	"temporal"	"wog:sit:warriors-say-arrows"	"{""status"":""standard"",""value"":""Before""}"	"wog:sit:ym1-declines"	"{""status"":""present"",""value"":""wog:ctx:world""}"	"SurfaceExplicit"
"3480df7007cb6dcab43d3f725cfd83820c3b42d523253166569b51940554a142"	"wog:claim:time:wog:sit:ym1-declines:wog:sit:ym2-accompanies"	"temporal"	"wog:sit:ym1-declines"	"{""status"":""standard"",""value"":""Before""}"	"wog:sit:ym2-accompanies"	"{""status"":""present"",""value"":""wog:ctx:world""}"	"SurfaceExplicit"
"3480df7007cb6dcab43d3f725cfd83820c3b42d523253166569b51940554a142"	"wog:claim:time:wog:sit:ym2-accompanies:wog:sit:ym2-enters-canoe"	"temporal"	"wog:sit:ym2-accompanies"	"{""status"":""standard"",""value"":""Meets""}"	"wog:sit:ym2-enters-canoe"	"{""status"":""present"",""value"":""wog:ctx:world""}"	"LinguisticallyEntailed"
"3480df7007cb6dcab43d3f725cfd83820c3b42d523253166569b51940554a142"	"wog:claim:time:wog:sit:ym2-enters-canoe:wog:sit:ym1-goes-home"	"temporal"	"wog:sit:ym2-enters-canoe"	"{""status"":""standard"",""value"":""Before""}"	"wog:sit:ym1-goes-home"	"{""status"":""present"",""value"":""wog:ctx:world""}"	"SurfaceExplicit"
"3480df7007cb6dcab43d3f725cfd83820c3b42d523253166569b51940554a142"	"wog:claim:time:wog:sit:ym1-goes-home:wog:sit:ym1-returns-midnight"	"temporal"	"wog:sit:ym1-goes-home"	"{""status"":""standard"",""value"":""Before""}"	"wog:sit:ym1-returns-midnight"	"{""status"":""present"",""value"":""wog:ctx:world""}"	"SurfaceExplicit"
"3480df7007cb6dcab43d3f725cfd83820c3b42d523253166569b51940554a142"	"wog:claim:time:wog:sit:ym1-returns-midnight:wog:sit:ym1-reports"	"temporal"	"wog:sit:ym1-returns-midnight"	"{""status"":""standard"",""value"":""Meets""}"	"wog:sit:ym1-reports"	"{""status"":""present"",""value"":""wog:ctx:world""}"	"LinguisticallyEntailed"
"3480df7007cb6dcab43d3f725cfd83820c3b42d523253166569b51940554a142"	"wog:claim:time:wog:sit:ym2-enters-canoe:wog:sit:warriors-go"	"temporal"	"wog:sit:ym2-enters-canoe"	"{""status"":""standard"",""value"":""Before""}"	"wog:sit:warriors-go"	"{""status"":""present"",""value"":""wog:ctx:world""}"	"SurfaceExplicit"
"3480df7007cb6dcab43d3f725cfd83820c3b42d523253166569b51940554a142"	"wog:claim:time:wog:sit:ym1-reports:wog:sit:battle"	"temporal"	"wog:sit:ym1-reports"	"{""status"":""standard"",""value"":""Unclear""}"	"wog:sit:battle"	"{""status"":""present"",""value"":""wog:ctx:world""}"	"Hypothesized"
"3480df7007cb6dcab43d3f725cfd83820c3b42d523253166569b51940554a142"	"wog:claim:time:wog:sit:warriors-go:wog:sit:talk-in-canoe"	"temporal"	"wog:sit:warriors-go"	"{""status"":""standard"",""value"":""Overlaps""}"	"wog:sit:talk-in-canoe"	"{""status"":""present"",""value"":""wog:ctx:world""}"	"LinguisticallyEntailed"
"3480df7007cb6dcab43d3f725cfd83820c3b42d523253166569b51940554a142"	"wog:claim:time:wog:sit:warriors-go:wog:sit:arrive-kalama"	"temporal"	"wog:sit:warriors-go"	"{""status"":""standard"",""value"":""Before""}"	"wog:sit:arrive-kalama"	"{""status"":""present"",""value"":""wog:ctx:world""}"	"SurfaceExplicit"
"3480df7007cb6dcab43d3f725cfd83820c3b42d523253166569b51940554a142"	"wog:claim:time:wog:sit:arrive-kalama:wog:sit:enemy-come-to-water"	"temporal"	"wog:sit:arrive-kalama"	"{""status"":""standard"",""value"":""Before""}"	"wog:sit:enemy-come-to-water"	"{""status"":""present"",""value"":""wog:ctx:world""}"	"SurfaceExplicit"
"3480df7007cb6dcab43d3f725cfd83820c3b42d523253166569b51940554a142"	"wog:claim:time:wog:sit:enemy-come-to-water:wog:sit:battle"	"temporal"	"wog:sit:enemy-come-to-water"	"{""status"":""standard"",""value"":""Meets""}"	"wog:sit:battle"	"{""status"":""present"",""value"":""wog:ctx:world""}"	"LinguisticallyEntailed"
"3480df7007cb6dcab43d3f725cfd83820c3b42d523253166569b51940554a142"	"wog:claim:time:wog:sit:battle:wog:sit:fellow-shot"	"temporal"	"wog:sit:battle"	"{""status"":""standard"",""value"":""Contains""}"	"wog:sit:fellow-shot"	"{""status"":""present"",""value"":""wog:ctx:world""}"	"LinguisticallyEntailed"
"3480df7007cb6dcab43d3f725cfd83820c3b42d523253166569b51940554a142"	"wog:claim:time:wog:sit:battle:wog:sit:ym2-thinks-people"	"temporal"	"wog:sit:battle"	"{""status"":""standard"",""value"":""Contains""}"	"wog:sit:ym2-thinks-people"	"{""status"":""present"",""value"":""wog:ctx:world""}"	"WorldKnowledgeInferred"
"3480df7007cb6dcab43d3f725cfd83820c3b42d523253166569b51940554a142"	"wog:claim:time:wog:sit:fellow-shot:wog:sit:carry-into-canoe"	"temporal"	"wog:sit:fellow-shot"	"{""status"":""standard"",""value"":""Before""}"	"wog:sit:carry-into-canoe"	"{""status"":""present"",""value"":""wog:ctx:world""}"	"SurfaceExplicit"
"3480df7007cb6dcab43d3f725cfd83820c3b42d523253166569b51940554a142"	"wog:claim:time:wog:sit:carry-into-canoe:wog:sit:warriors-say-go-home"	"temporal"	"wog:sit:carry-into-canoe"	"{""status"":""standard"",""value"":""Before""}"	"wog:sit:warriors-say-go-home"	"{""status"":""present"",""value"":""wog:ctx:world""}"	"SurfaceExplicit"
"3480df7007cb6dcab43d3f725cfd83820c3b42d523253166569b51940554a142"	"wog:claim:time:wog:sit:warriors-say-go-home:wog:sit:ym2-concludes-ghosts"	"temporal"	"wog:sit:warriors-say-go-home"	"{""status"":""standard"",""value"":""Before""}"	"wog:sit:ym2-concludes-ghosts"	"{""status"":""present"",""value"":""wog:ctx:world""}"	"SurfaceExplicit"
"3480df7007cb6dcab43d3f725cfd83820c3b42d523253166569b51940554a142"	"wog:claim:time:wog:sit:ym2-concludes-ghosts:wog:sit:not-feel-sick"	"temporal"	"wog:sit:ym2-concludes-ghosts"	"{""status"":""standard"",""value"":""Overlaps""}"	"wog:sit:not-feel-sick"	"{""status"":""present"",""value"":""wog:ctx:world""}"	"WorldKnowledgeInferred"
"3480df7007cb6dcab43d3f725cfd83820c3b42d523253166569b51940554a142"	"wog:claim:time:wog:sit:battle:wog:sit:warriors-go-home"	"temporal"	"wog:sit:battle"	"{""status"":""standard"",""value"":""Before""}"	"wog:sit:warriors-go-home"	"{""status"":""present"",""value"":""wog:ctx:world""}"	"SurfaceExplicit"
"3480df7007cb6dcab43d3f725cfd83820c3b42d523253166569b51940554a142"	"wog:claim:time:wog:sit:ym2-concludes-ghosts:wog:sit:warriors-go-home"	"temporal"	"wog:sit:ym2-concludes-ghosts"	"{""status"":""standard"",""value"":""Before""}"	"wog:sit:warriors-go-home"	"{""status"":""present"",""value"":""wog:ctx:world""}"	"SurfaceExplicit"
"3480df7007cb6dcab43d3f725cfd83820c3b42d523253166569b51940554a142"	"wog:claim:time:wog:sit:battle:wog:sit:ym2-injured"	"temporal"	"wog:sit:battle"	"{""status"":""standard"",""value"":""Contains""}"	"wog:sit:ym2-injured"	"{""status"":""present"",""value"":""wog:ctx:world""}"	"Hypothesized"
"3480df7007cb6dcab43d3f725cfd83820c3b42d523253166569b51940554a142"	"wog:claim:time:wog:sit:warriors-go-home:wog:sit:arrive-egulac"	"temporal"	"wog:sit:warriors-go-home"	"{""status"":""standard"",""value"":""Before""}"	"wog:sit:arrive-egulac"	"{""status"":""present"",""value"":""wog:ctx:world""}"	"SurfaceExplicit"
"3480df7007cb6dcab43d3f725cfd83820c3b42d523253166569b51940554a142"	"wog:claim:time:wog:sit:arrive-egulac:wog:sit:canoe-lands"	"temporal"	"wog:sit:arrive-egulac"	"{""status"":""standard"",""value"":""Meets""}"	"wog:sit:canoe-lands"	"{""status"":""present"",""value"":""wog:ctx:world""}"	"LinguisticallyEntailed"
"3480df7007cb6dcab43d3f725cfd83820c3b42d523253166569b51940554a142"	"wog:claim:time:wog:sit:canoe-lands:wog:sit:ym2-ashore"	"temporal"	"wog:sit:canoe-lands"	"{""status"":""standard"",""value"":""Before""}"	"wog:sit:ym2-ashore"	"{""status"":""present"",""value"":""wog:ctx:world""}"	"SurfaceExplicit"
"3480df7007cb6dcab43d3f725cfd83820c3b42d523253166569b51940554a142"	"wog:claim:time:wog:sit:ym2-ashore:wog:sit:warriors-down-river"	"temporal"	"wog:sit:ym2-ashore"	"{""status"":""standard"",""value"":""Before""}"	"wog:sit:warriors-down-river"	"{""status"":""present"",""value"":""wog:ctx:world""}"	"SurfaceExplicit"
"3480df7007cb6dcab43d3f725cfd83820c3b42d523253166569b51940554a142"	"wog:claim:time:wog:sit:ym2-ashore:wog:sit:ym2-to-house"	"temporal"	"wog:sit:ym2-ashore"	"{""status"":""standard"",""value"":""Before""}"	"wog:sit:ym2-to-house"	"{""status"":""present"",""value"":""wog:ctx:world""}"	"SurfaceExplicit"
"3480df7007cb6dcab43d3f725cfd83820c3b42d523253166569b51940554a142"	"wog:claim:time:wog:sit:ym2-to-house:wog:sit:make-fire"	"temporal"	"wog:sit:ym2-to-house"	"{""status"":""standard"",""value"":""Before""}"	"wog:sit:make-fire"	"{""status"":""present"",""value"":""wog:ctx:world""}"	"SurfaceExplicit"
"3480df7007cb6dcab43d3f725cfd83820c3b42d523253166569b51940554a142"	"wog:claim:time:wog:sit:make-fire:wog:sit:recounting"	"temporal"	"wog:sit:make-fire"	"{""status"":""standard"",""value"":""Before""}"	"wog:sit:recounting"	"{""status"":""present"",""value"":""wog:ctx:world""}"	"SurfaceExplicit"
"3480df7007cb6dcab43d3f725cfd83820c3b42d523253166569b51940554a142"	"wog:claim:time:wog:sit:recounting:wog:sit:becomes-quiet"	"temporal"	"wog:sit:recounting"	"{""status"":""standard"",""value"":""Meets""}"	"wog:sit:becomes-quiet"	"{""status"":""present"",""value"":""wog:ctx:world""}"	"LinguisticallyEntailed"
"3480df7007cb6dcab43d3f725cfd83820c3b42d523253166569b51940554a142"	"wog:claim:time:wog:sit:becomes-quiet:wog:sit:nearly-daylight"	"temporal"	"wog:sit:becomes-quiet"	"{""status"":""standard"",""value"":""During""}"	"wog:sit:nearly-daylight"	"{""status"":""present"",""value"":""wog:ctx:world""}"	"LinguisticallyEntailed"
"3480df7007cb6dcab43d3f725cfd83820c3b42d523253166569b51940554a142"	"wog:claim:time:wog:sit:becomes-quiet:wog:sit:sun-rises"	"temporal"	"wog:sit:becomes-quiet"	"{""status"":""standard"",""value"":""Before""}"	"wog:sit:sun-rises"	"{""status"":""present"",""value"":""wog:ctx:world""}"	"SurfaceExplicit"
"3480df7007cb6dcab43d3f725cfd83820c3b42d523253166569b51940554a142"	"wog:claim:time:wog:sit:sun-rises:wog:sit:falls-down"	"temporal"	"wog:sit:sun-rises"	"{""status"":""standard"",""value"":""Meets""}"	"wog:sit:falls-down"	"{""status"":""present"",""value"":""wog:ctx:world""}"	"LinguisticallyEntailed"
"3480df7007cb6dcab43d3f725cfd83820c3b42d523253166569b51940554a142"	"wog:claim:time:wog:sit:falls-down:wog:sit:black-from-mouth"	"temporal"	"wog:sit:falls-down"	"{""status"":""standard"",""value"":""Before""}"	"wog:sit:black-from-mouth"	"{""status"":""present"",""value"":""wog:ctx:world""}"	"SurfaceExplicit"
"3480df7007cb6dcab43d3f725cfd83820c3b42d523253166569b51940554a142"	"wog:claim:time:wog:sit:black-from-mouth:wog:sit:blood-from-anus"	"temporal"	"wog:sit:black-from-mouth"	"{""status"":""standard"",""value"":""Overlaps""}"	"wog:sit:blood-from-anus"	"{""status"":""present"",""value"":""wog:ctx:world""}"	"LinguisticallyEntailed"
"3480df7007cb6dcab43d3f725cfd83820c3b42d523253166569b51940554a142"	"wog:claim:time:wog:sit:black-from-mouth:wog:sit:face-contorted"	"temporal"	"wog:sit:black-from-mouth"	"{""status"":""standard"",""value"":""Before""}"	"wog:sit:face-contorted"	"{""status"":""present"",""value"":""wog:ctx:world""}"	"SurfaceExplicit"
"3480df7007cb6dcab43d3f725cfd83820c3b42d523253166569b51940554a142"	"wog:claim:time:wog:sit:face-contorted:wog:sit:dead"	"temporal"	"wog:sit:face-contorted"	"{""status"":""standard"",""value"":""Before""}"	"wog:sit:dead"	"{""status"":""present"",""value"":""wog:ctx:world""}"	"SurfaceExplicit"
"3480df7007cb6dcab43d3f725cfd83820c3b42d523253166569b51940554a142"	"wog:claim:time:wog:sit:dead:wog:sit:people-cry"	"temporal"	"wog:sit:dead"	"{""status"":""standard"",""value"":""Overlaps""}"	"wog:sit:people-cry"	"{""status"":""present"",""value"":""wog:ctx:world""}"	"LinguisticallyEntailed"
"3480df7007cb6dcab43d3f725cfd83820c3b42d523253166569b51940554a142"	"wog:claim:time:wog:sit:reported-shot:wog:sit:let-us-go-home"	"temporal"	"wog:sit:reported-shot"	"{""status"":""standard"",""value"":""Before""}"	"wog:sit:let-us-go-home"	"{""status"":""present"",""value"":""wog:ctx:speech-warriors-3""}"	"SurfaceExplicit"
"3480df7007cb6dcab43d3f725cfd83820c3b42d523253166569b51940554a142"	"wog:claim:time:wog:sit:we-fought:wog:sit:many-fellows-killed"	"temporal"	"wog:sit:we-fought"	"{""status"":""standard"",""value"":""Before""}"	"wog:sit:many-fellows-killed"	"{""status"":""present"",""value"":""wog:ctx:speech-ym2""}"	"SurfaceExplicit"
"3480df7007cb6dcab43d3f725cfd83820c3b42d523253166569b51940554a142"	"wog:claim:time:wog:sit:many-fellows-killed:wog:sit:they-said-shot"	"temporal"	"wog:sit:many-fellows-killed"	"{""status"":""standard"",""value"":""Before""}"	"wog:sit:they-said-shot"	"{""status"":""present"",""value"":""wog:ctx:speech-ym2""}"	"SurfaceExplicit"
"3480df7007cb6dcab43d3f725cfd83820c3b42d523253166569b51940554a142"	"wog:claim:time:wog:sit:they-said-shot:wog:sit:i-did-not-feel-sick"	"temporal"	"wog:sit:they-said-shot"	"{""status"":""standard"",""value"":""Overlaps""}"	"wog:sit:i-did-not-feel-sick"	"{""status"":""present"",""value"":""wog:ctx:speech-ym2""}"	"LinguisticallyEntailed"
"3480df7007cb6dcab43d3f725cfd83820c3b42d523253166569b51940554a142"	"wog:claim:cause:wog:sit:hear-war-cries:wog:sit:think-war-party"	"causal"	"wog:sit:hear-war-cries"	"{""status"":""standard"",""value"":""Causes""}"	"wog:sit:think-war-party"	"{""status"":""not-applicable""}"	"WorldKnowledgeInferred"
"3480df7007cb6dcab43d3f725cfd83820c3b42d523253166569b51940554a142"	"wog:claim:cause:wog:sit:think-war-party:wog:sit:hide"	"causal"	"wog:sit:think-war-party"	"{""status"":""standard"",""value"":""Causes""}"	"wog:sit:hide"	"{""status"":""not-applicable""}"	"WorldKnowledgeInferred"
"3480df7007cb6dcab43d3f725cfd83820c3b42d523253166569b51940554a142"	"wog:claim:cause:wog:sit:might-be-killed:wog:sit:not-go-along"	"causal"	"wog:sit:might-be-killed"	"{""status"":""standard"",""value"":""Causes""}"	"wog:sit:not-go-along"	"{""status"":""not-applicable""}"	"WorldKnowledgeInferred"
"3480df7007cb6dcab43d3f725cfd83820c3b42d523253166569b51940554a142"	"wog:claim:cause:wog:sit:reported-shot:wog:sit:let-us-go-home"	"causal"	"wog:sit:reported-shot"	"{""status"":""standard"",""value"":""Causes""}"	"wog:sit:let-us-go-home"	"{""status"":""not-applicable""}"	"LinguisticallyEntailed"
"3480df7007cb6dcab43d3f725cfd83820c3b42d523253166569b51940554a142"	"wog:claim:cause:wog:sit:warriors-say-go-home:wog:sit:ym2-concludes-ghosts"	"causal"	"wog:sit:warriors-say-go-home"	"{""status"":""standard"",""value"":""Causes""}"	"wog:sit:ym2-concludes-ghosts"	"{""status"":""not-applicable""}"	"WorldKnowledgeInferred"
"3480df7007cb6dcab43d3f725cfd83820c3b42d523253166569b51940554a142"	"wog:claim:cause:wog:sit:not-feel-sick:wog:sit:ym2-concludes-ghosts"	"causal"	"wog:sit:not-feel-sick"	"{""status"":""standard"",""value"":""Enables""}"	"wog:sit:ym2-concludes-ghosts"	"{""status"":""not-applicable""}"	"Hypothesized"
"3480df7007cb6dcab43d3f725cfd83820c3b42d523253166569b51940554a142"	"wog:claim:cause:wog:sit:fellow-shot:wog:sit:carry-into-canoe"	"causal"	"wog:sit:fellow-shot"	"{""status"":""standard"",""value"":""Causes""}"	"wog:sit:carry-into-canoe"	"{""status"":""not-applicable""}"	"LinguisticallyEntailed"
"3480df7007cb6dcab43d3f725cfd83820c3b42d523253166569b51940554a142"	"wog:claim:cause:wog:sit:ym2-injured:wog:sit:dead"	"causal"	"wog:sit:ym2-injured"	"{""status"":""standard"",""value"":""Causes""}"	"wog:sit:dead"	"{""status"":""not-applicable""}"	"Hypothesized"
"3480df7007cb6dcab43d3f725cfd83820c3b42d523253166569b51940554a142"	"wog:claim:cause:wog:sit:ym2-accompanies:wog:sit:dead"	"causal"	"wog:sit:ym2-accompanies"	"{""status"":""standard"",""value"":""Causes""}"	"wog:sit:dead"	"{""status"":""not-applicable""}"	"Hypothesized"
"3480df7007cb6dcab43d3f725cfd83820c3b42d523253166569b51940554a142"	"wog:claim:goal:war:go"	"goal"	"wog:sit:announced-war"	"{""status"":""standard"",""value"":""Motivates""}"	"wog:sit:warriors-go"	"{""status"":""not-applicable""}"	"WorldKnowledgeInferred"
"3480df7007cb6dcab43d3f725cfd83820c3b42d523253166569b51940554a142"	"wog:claim:goal:battle:war"	"goal"	"wog:sit:battle"	"{""status"":""standard"",""value"":""Achieves""}"	"wog:sit:announced-war"	"{""status"":""not-applicable""}"	"StructurallyDerived"
"3480df7007cb6dcab43d3f725cfd83820c3b42d523253166569b51940554a142"	"wog:claim:goal:wish:speak"	"goal"	"wog:sit:wish-take-along"	"{""status"":""standard"",""value"":""Motivates""}"	"wog:sit:warriors-speak"	"{""status"":""not-applicable""}"	"WorldKnowledgeInferred"
"3480df7007cb6dcab43d3f725cfd83820c3b42d523253166569b51940554a142"	"wog:claim:sc:fall:dead"	"state-change"	"wog:sit:falls-down"	"{""status"":""standard"",""value"":""Initiates""}"	"wog:sit:dead"	"{""status"":""not-applicable""}"	"WorldKnowledgeInferred"
"3480df7007cb6dcab43d3f725cfd83820c3b42d523253166569b51940554a142"	"wog:claim:sc:sun:daylight"	"state-change"	"wog:sit:sun-rises"	"{""status"":""standard"",""value"":""Terminates""}"	"wog:sit:nearly-daylight"	"{""status"":""not-applicable""}"	"LinguisticallyEntailed"
"3480df7007cb6dcab43d3f725cfd83820c3b42d523253166569b51940554a142"	"wog:claim:sc:conclude:people"	"state-change"	"wog:sit:ym2-concludes-ghosts"	"{""status"":""standard"",""value"":""Terminates""}"	"wog:sit:warriors-are-people"	"{""status"":""not-applicable""}"	"WorldKnowledgeInferred"
"3480df7007cb6dcab43d3f725cfd83820c3b42d523253166569b51940554a142"	"wog:claim:sc:conclude:ghosts"	"state-change"	"wog:sit:ym2-concludes-ghosts"	"{""status"":""standard"",""value"":""Initiates""}"	"wog:sit:warriors-are-ghosts"	"{""status"":""not-applicable""}"	"LinguisticallyEntailed"
"3480df7007cb6dcab43d3f725cfd83820c3b42d523253166569b51940554a142"	"wog:claim:ref:wog:sit:announced-war:wog:sit:battle"	"reference"	"wog:sit:announced-war"	"{""status"":""standard"",""value"":""Prospective""}"	"wog:sit:battle"	"{""status"":""not-applicable""}"	"LinguisticallyEntailed"
"3480df7007cb6dcab43d3f725cfd83820c3b42d523253166569b51940554a142"	"wog:claim:ref:wog:sit:relative-left-me:wog:sit:ym2-accompanies"	"reference"	"wog:sit:relative-left-me"	"{""status"":""standard"",""value"":""Retrospective""}"	"wog:sit:ym2-accompanies"	"{""status"":""not-applicable""}"	"LinguisticallyEntailed"
"3480df7007cb6dcab43d3f725cfd83820c3b42d523253166569b51940554a142"	"wog:claim:ref:wog:sit:ym2-went-with-warriors:wog:sit:ym2-accompanies"	"reference"	"wog:sit:ym2-went-with-warriors"	"{""status"":""standard"",""value"":""Retrospective""}"	"wog:sit:ym2-accompanies"	"{""status"":""not-applicable""}"	"LinguisticallyEntailed"
"3480df7007cb6dcab43d3f725cfd83820c3b42d523253166569b51940554a142"	"wog:claim:ref:wog:sit:accompanied-ghosts:wog:sit:ym2-accompanies"	"reference"	"wog:sit:accompanied-ghosts"	"{""status"":""standard"",""value"":""Retrospective""}"	"wog:sit:ym2-accompanies"	"{""status"":""not-applicable""}"	"LinguisticallyEntailed"
"3480df7007cb6dcab43d3f725cfd83820c3b42d523253166569b51940554a142"	"wog:claim:ref:wog:sit:recounting:wog:sit:battle"	"reference"	"wog:sit:recounting"	"{""status"":""standard"",""value"":""Summary""}"	"wog:sit:battle"	"{""status"":""not-applicable""}"	"LinguisticallyEntailed"
"3480df7007cb6dcab43d3f725cfd83820c3b42d523253166569b51940554a142"	"wog:claim:ref:wog:sit:we-fought:wog:sit:battle"	"reference"	"wog:sit:we-fought"	"{""status"":""standard"",""value"":""Retrospective""}"	"wog:sit:battle"	"{""status"":""not-applicable""}"	"LinguisticallyEntailed"
"3480df7007cb6dcab43d3f725cfd83820c3b42d523253166569b51940554a142"	"wog:claim:ref:wog:sit:many-fellows-killed:wog:sit:fellow-shot"	"reference"	"wog:sit:many-fellows-killed"	"{""status"":""standard"",""value"":""Partial""}"	"wog:sit:fellow-shot"	"{""status"":""not-applicable""}"	"LinguisticallyEntailed"
"3480df7007cb6dcab43d3f725cfd83820c3b42d523253166569b51940554a142"	"wog:claim:ref:wog:sit:they-said-shot:wog:sit:warriors-say-go-home"	"reference"	"wog:sit:they-said-shot"	"{""status"":""standard"",""value"":""Retrospective""}"	"wog:sit:warriors-say-go-home"	"{""status"":""not-applicable""}"	"LinguisticallyEntailed"
"3480df7007cb6dcab43d3f725cfd83820c3b42d523253166569b51940554a142"	"wog:claim:ref:wog:sit:i-was-shot:wog:sit:reported-shot"	"reference"	"wog:sit:i-was-shot"	"{""status"":""standard"",""value"":""Retrospective""}"	"wog:sit:reported-shot"	"{""status"":""not-applicable""}"	"LinguisticallyEntailed"
"3480df7007cb6dcab43d3f725cfd83820c3b42d523253166569b51940554a142"	"wog:claim:ref:wog:sit:i-did-not-feel-sick:wog:sit:not-feel-sick"	"reference"	"wog:sit:i-did-not-feel-sick"	"{""status"":""standard"",""value"":""Retrospective""}"	"wog:sit:not-feel-sick"	"{""status"":""not-applicable""}"	"LinguisticallyEntailed"
"3480df7007cb6dcab43d3f725cfd83820c3b42d523253166569b51940554a142"	"wog:claim:ref:wog:sit:reported-shot:wog:sit:ym2-injured"	"reference"	"wog:sit:reported-shot"	"{""status"":""standard"",""value"":""Partial""}"	"wog:sit:ym2-injured"	"{""status"":""not-applicable""}"	"LinguisticallyEntailed"
"3480df7007cb6dcab43d3f725cfd83820c3b42d523253166569b51940554a142"	"wog:claim:member:wog:ent:young-man-1:wog:ent:young-men"	"entity-relation"	"wog:ent:young-man-1"	"{""status"":""standard"",""value"":""MemberOf""}"	"wog:ent:young-men"	"{""status"":""not-applicable""}"	"LinguisticallyEntailed"
"3480df7007cb6dcab43d3f725cfd83820c3b42d523253166569b51940554a142"	"wog:claim:member:wog:ent:young-man-2:wog:ent:young-men"	"entity-relation"	"wog:ent:young-man-2"	"{""status"":""standard"",""value"":""MemberOf""}"	"wog:ent:young-men"	"{""status"":""not-applicable""}"	"LinguisticallyEntailed"
"3480df7007cb6dcab43d3f725cfd83820c3b42d523253166569b51940554a142"	"wog:claim:member:fellow:warriors"	"entity-relation"	"wog:ent:shot-fellow"	"{""status"":""standard"",""value"":""MemberOf""}"	"wog:ent:warriors"	"{""status"":""not-applicable""}"	"LinguisticallyEntailed"
