"model_digest"	"node_id"	"segment_kind"	"level"	"summary"
"3480df7007cb6dcab43d3f725cfd83820c3b42d523253166569b51940554a142"	"wog:seg:ep1-river"	"Episode"	"2"	"{""status"":""stated"",""value"":""two young men hunting on the river hear war cries and are approached by a canoe""}"
"3480df7007cb6dcab43d3f725cfd83820c3b42d523253166569b51940554a142"	"wog:seg:ep2-expedition"	"Episode"	"2"	"{""status"":""stated"",""value"":""invitation, one refusal and one acceptance, the journey and the battle""}"
"3480df7007cb6dcab43d3f725cfd83820c3b42d523253166569b51940554a142"	"wog:seg:ep3-return"	"Episode"	"2"	"{""status"":""stated"",""value"":""the retreat, the realization, the recounting at home, and the death""}"
"3480df7007cb6dcab43d3f725cfd83820c3b42d523253166569b51940554a142"	"wog:seg:sc1a-hunting"	"Scene"	"1"	"{""status"":""stated"",""value"":""night seal hunt on a foggy, calm river""}"
"3480df7007cb6dcab43d3f725cfd83820c3b42d523253166569b51940554a142"	"wog:seg:sc1b-war-cries"	"Scene"	"1"	"{""status"":""stated"",""value"":""war cries, hiding behind a log, canoes approach""}"
"3480df7007cb6dcab43d3f725cfd83820c3b42d523253166569b51940554a142"	"wog:seg:sc1c-canoe-arrives"	"Scene"	"1"	"{""status"":""stated"",""value"":""one canoe with five men comes up to them""}"
"3480df7007cb6dcab43d3f725cfd83820c3b42d523253166569b51940554a142"	"wog:seg:sc2a-invitation"	"Scene"	"1"	"{""status"":""stated"",""value"":""the invitation to war, the excuse, and the refusal""}"
"3480df7007cb6dcab43d3f725cfd83820c3b42d523253166569b51940554a142"	"wog:seg:sc2b-parting"	"Scene"	"1"	"{""status"":""stated"",""value"":""one goes with the strangers, the other goes home and reports""}"
"3480df7007cb6dcab43d3f725cfd83820c3b42d523253166569b51940554a142"	"wog:seg:sc2c-journey-battle"	"Scene"	"1"	"{""status"":""stated"",""value"":""the journey to Kalama and the fight""}"
"3480df7007cb6dcab43d3f725cfd83820c3b42d523253166569b51940554a142"	"wog:seg:sc3a-retreat"	"Scene"	"1"	"{""status"":""stated"",""value"":""the call to go home, the ghost conclusion, the return to Egulac""}"
"3480df7007cb6dcab43d3f725cfd83820c3b42d523253166569b51940554a142"	"wog:seg:sc3b-recounting"	"Scene"	"1"	"{""status"":""stated"",""value"":""at the house he tells everything and falls silent as daylight nears""}"
"3480df7007cb6dcab43d3f725cfd83820c3b42d523253166569b51940554a142"	"wog:seg:sc3c-death"	"Scene"	"1"	"{""status"":""stated"",""value"":""at sunrise he collapses and dies""}"
"3480df7007cb6dcab43d3f725cfd83820c3b42d523253166569b51940554a142"	"wog:seg:story"	"Story"	"3"	"{""status"":""stated"",""value"":""a young man goes to war with strangers who prove to be ghosts, tells of it, and dies at sunrise""}"
