"model_digest"	"node_id"	"situation_kind"	"predicate_lemma"	"frame"	"gloss"	"description"	"polarity"	"modality"	"aspect"	"discourse_position"
"3480df7007cb6dcab43d3f725cfd83820c3b42d523253166569b51940554a142"	"wog:sit:accompanied-ghosts"	"event"	"accompany"	"{""reason"":""not-supplied"",""status"":""absent""}"	"he went with the ghosts (his words)"	"he went with the ghosts (his words)"	"Positive"	"Asserted"	"{""reason"":""not-supplied"",""status"":""absent""}"	"{""status"":""present"",""value"":55}"
"3480df7007cb6dcab43d3f725cfd83820c3b42d523253166569b51940554a142"	"wog:sit:announced-war"	"event"	"fight"	"{""reason"":""not-supplied"",""status"":""absent""}"	"the men announce they are going upriver to make war on the people"	"the men announce they are going upriver to make war on the people"	"Positive"	"Intended"	"{""reason"":""not-supplied"",""status"":""absent""}"	"{""status"":""present"",""value"":14}"
"3480df7007cb6dcab43d3f725cfd83820c3b42d523253166569b51940554a142"	"wog:sit:arrive-egulac"	"event"	"arrive"	"{""reason"":""not-supplied"",""status"":""absent""}"	"they arrive at Egulac"	"they arrive at Egulac"	"Positive"	"Asserted"	"{""reason"":""not-supplied"",""status"":""absent""}"	"{""status"":""present"",""value"":48}"
"3480df7007cb6dcab43d3f725cfd83820c3b42d523253166569b51940554a142"	"wog:sit:arrive-kalama"	"event"	"arrive"	"{""reason"":""not-supplied"",""status"":""absent""}"	"they reach a place beyond Kalama"	"they reach a place beyond Kalama"	"Positive"	"Asserted"	"{""reason"":""not-supplied"",""status"":""absent""}"	"{""status"":""present"",""value"":33}"
"3480df7007cb6dcab43d3f725cfd83820c3b42d523253166569b51940554a142"	"wog:sit:arrows-in-canoe"	"state"	"be-in"	"{""reason"":""not-supplied"",""status"":""absent""}"	"arrows are in the canoe"	"arrows are in the canoe"	"Positive"	"Asserted"	"{""status"":""not-applicable""}"	"{""status"":""present"",""value"":17}"
"3480df7007cb6dcab43d3f725cfd83820c3b42d523253166569b51940554a142"	"wog:sit:battle"	"event"	"fight"	"{""reason"":""not-supplied"",""status"":""absent""}"	"the battle is fought"	"the battle is fought"	"Positive"	"Asserted"	"{""reason"":""not-supplied"",""status"":""absent""}"	"{""status"":""present"",""value"":35}"
"3480df7007cb6dcab43d3f725cfd83820c3b42d523253166569b51940554a142"	"wog:sit:becomes-quiet"	"event"	"quiet"	"{""reason"":""not-supplied"",""status"":""absent""}"	"he falls silent"	"he falls silent"	"Positive"	"Asserted"	"{""reason"":""not-supplied"",""status"":""absent""}"	"{""status"":""present"",""value"":62}"
"3480df7007cb6dcab43d3f725cfd83820c3b42d523253166569b51940554a142"	"wog:sit:black-from-mouth"	"event"	"emerge"	"{""reason"":""not-supplied"",""status"":""absent""}"	"something black comes from his mouth"	"something black comes from his mouth"	"Positive"	"Asserted"	"{""reason"":""not-supplied"",""status"":""absent""}"	"{""status"":""present"",""value"":66}"
"3480df7007cb6dcab43d3f725cfd83820c3b42d523253166569b51940554a142"	"wog:sit:blood-from-anus"	"event"	"emerge"	"{""reason"":""not-supplied"",""status"":""absent""}"	"blood comes from his body"	"blood comes from his body"	"Positive"	"Asserted"	"{""reason"":""not-supplied"",""status"":""absent""}"	"{""status"":""present"",""value"":67}"
"3480df7007cb6dcab43d3f725cfd83820c3b42d523253166569b51940554a142"	"wog:sit:canoe-lands"	"event"	"land"	"{""reason"":""not-supplied"",""status"":""absent""}"	"one canoe lands"	"one canoe lands"	"Positive"	"Asserted"	"{""reason"":""not-supplied"",""status"":""absent""}"	"{""status"":""present"",""value"":49}"
"3480df7007cb6dcab43d3f725cfd83820c3b42d523253166569b51940554a142"	"wog:sit:canoes-come-up"	"event"	"come"	"{""reason"":""not-supplied"",""status"":""absent""}"	"canoes come up the river"	"canoes come up the river"	"Positive"	"Asserted"	"{""reason"":""not-supplied"",""status"":""absent""}"	"{""status"":""present"",""value"":8}"
"3480df7007cb6dcab43d3f725cfd83820c3b42d523253166569b51940554a142"	"wog:sit:carry-into-canoe"	"event"	"carry"	"{""reason"":""not-supplied"",""status"":""absent""}"	"the warriors carry the shot man into the canoe"	"the warriors carry the shot man into the canoe"	"Positive"	"Asserted"	"{""reason"":""not-supplied"",""status"":""absent""}"	"{""status"":""present"",""value"":39}"
"3480df7007cb6dcab43d3f725cfd83820c3b42d523253166569b51940554a142"	"wog:sit:dead"	"state"	"dead"	"{""reason"":""not-supplied"",""status"":""absent""}"	"he is dead"	"he is dead"	"Positive"	"Asserted"	"{""status"":""not-applicable""}"	"{""status"":""present"",""value"":69}"
"3480df7007cb6dcab43d3f725cfd83820c3b42d523253166569b51940554a142"	"wog:sit:down-river"	"event"	"go"	"{""reason"":""not-supplied"",""status"":""absent""}"	"they travel down the river"	"they travel down the river"	"Positive"	"Asserted"	"{""reason"":""not-supplied"",""status"":""absent""}"	"{""status"":""present"",""value"":2}"
"3480df7007cb6dcab43d3f725cfd83820c3b42d523253166569b51940554a142"	"wog:sit:enemy-come-to-water"	"event"	"come"	"{""reason"":""not-supplied"",""status"":""absent""}"	"the people there come down to the water"	"the people there come down to the water"	"Positive"	"Asserted"	"{""reason"":""not-supplied"",""status"":""absent""}"	"{""status"":""present"",""value"":34}"
"3480df7007cb6dcab43d3f725cfd83820c3b42d523253166569b51940554a142"	"wog:sit:face-contorted"	"event"	"contort"	"{""reason"":""not-supplied"",""status"":""absent""}"	"his face contorts"	"his face contorts"	"Positive"	"Asserted"	"{""reason"":""not-supplied"",""status"":""absent""}"	"{""status"":""present"",""value"":68}"
"3480df7007cb6dcab43d3f725cfd83820c3b42d523253166569b51940554a142"	"wog:sit:falls-down"	"event"	"fall"	"{""reason"":""not-supplied"",""status"":""absent""}"	"he collapses"	"he collapses"	"Positive"	"Asserted"	"{""reason"":""not-supplied"",""status"":""absent""}"	"{""status"":""present"",""value"":65}"
"3480df7007cb6dcab43d3f725cfd83820c3b42d523253166569b51940554a142"	"wog:sit:fellow-shot"	"event"	"shoot"	"{""reason"":""not-supplied"",""status"":""absent""}"	"one of the warriors is shot"	"one of the warriors is shot"	"Positive"	"Asserted"	"{""reason"":""not-supplied"",""status"":""absent""}"	"{""status"":""present"",""value"":38}"
"3480df7007cb6dcab43d3f725cfd83820c3b42d523253166569b51940554a142"	"wog:sit:five-men-in-canoe"	"state"	"be-in"	"{""reason"":""not-supplied"",""status"":""absent""}"	"five men are in the canoe"	"five men are in the canoe"	"Positive"	"Asserted"	"{""status"":""not-applicable""}"	"{""status"":""present"",""value"":11}"
"3480df7007cb6dcab43d3f725cfd83820c3b42d523253166569b51940554a142"	"wog:sit:fog-calm"	"state"	"foggy"	"{""reason"":""not-supplied"",""status"":""absent""}"	"fog and calm settle on the river"	"fog and calm settle on the river"	"Positive"	"Asserted"	"{""status"":""not-applicable""}"	"{""status"":""present"",""value"":3}"
"3480df7007cb6dcab43d3f725cfd83820c3b42d523253166569b51940554a142"	"wog:sit:hear-paddles"	"event"	"hear"	"{""reason"":""not-supplied"",""status"":""absent""}"	"they hear paddling"	"they hear paddling"	"Positive"	"Asserted"	"{""reason"":""not-supplied"",""status"":""absent""}"	"{""status"":""present"",""value"":9}"
"3480df7007cb6dcab43d3f725cfd83820c3b42d523253166569b51940554a142"	"wog:sit:hear-war-cries"	"event"	"hear"	"{""reason"":""not-supplied"",""status"":""absent""}"	"while paddling they hear war cries"	"while paddling they hear war cries"	"Positive"	"Asserted"	"{""reason"":""not-supplied"",""status"":""absent""}"	"{""status"":""present"",""value"":4}"
"3480df7007cb6dcab43d3f725cfd83820c3b42d523253166569b51940554a142"	"wog:sit:hide"	"event"	"hide"	"{""reason"":""not-supplied"",""status"":""absent""}"	"they flee to the shore and hide behind a log"	"they flee to the shore and hide behind a log"	"Positive"	"Asserted"	"{""reason"":""not-supplied"",""status"":""absent""}"	"{""status"":""present"",""value"":7}"
"3480df7007cb6dcab43d3f725cfd83820c3b42d523253166569b51940554a142"	"wog:sit:hunt-seals"	"event"	"hunt"	"{""reason"":""not-supplied"",""status"":""absent""}"	"the two young men go seal hunting one night"	"the two young men go seal hunting one night"	"Positive"	"Asserted"	"{""reason"":""not-supplied"",""status"":""absent""}"	"{""status"":""present"",""value"":1}"
"3480df7007cb6dcab43d3f725cfd83820c3b42d523253166569b51940554a142"	"wog:sit:i-did-not-feel-sick"	"state"	"feel-sick"	"{""reason"":""not-supplied"",""status"":""absent""}"	"he did not feel sick (his words)"	"he did not feel sick (his words)"	"Negative"	"Asserted"	"{""status"":""not-applicable""}"	"{""status"":""present"",""value"":61}"
"3480df7007cb6dcab43d3f725cfd83820c3b42d523253166569b51940554a142"	"wog:sit:i-was-shot"	"event"	"shoot"	"{""reason"":""not-supplied"",""status"":""absent""}"	"he was shot (the warriors' words, retold)"	"he was shot (the warriors' words, retold)"	"Positive"	"Reported"	"{""reason"":""not-supplied"",""status"":""absent""}"	"{""status"":""present"",""value"":60}"
"3480df7007cb6dcab43d3f725cfd83820c3b42d523253166569b51940554a142"	"wog:sit:lack-arrows"	"state"	"have"	"{""reason"":""not-supplied"",""status"":""absent""}"	"he has no arrows"	"he has no arrows"	"Negative"	"Asserted"	"{""status"":""not-applicable""}"	"{""status"":""present"",""value"":16}"
"3480df7007cb6dcab43d3f725cfd83820c3b42d523253166569b51940554a142"	"wog:sit:let-us-go-home"	"event"	"go"	"{""reason"":""not-supplied"",""status"":""absent""}"	"let us go home quickly"	"let us go home quickly"	"Positive"	"Desired"	"{""reason"":""not-supplied"",""status"":""absent""}"	"{""status"":""present"",""value"":41}"
"3480df7007cb6dcab43d3f725cfd83820c3b42d523253166569b51940554a142"	"wog:sit:make-fire"	"event"	"make"	"{""reason"":""not-supplied"",""status"":""absent""}"	"he makes a fire"	"he makes a fire"	"Positive"	"Asserted"	"{""reason"":""not-supplied"",""status"":""absent""}"	"{""status"":""present"",""value"":53}"
"3480df7007cb6dcab43d3f725cfd83820c3b42d523253166569b51940554a142"	"wog:sit:many-enemy-killed"	"event"	"kill"	"{""reason"":""not-supplied"",""status"":""absent""}"	"many of those attacked were killed (his words)"	"many of those attacked were killed (his words)"	"Positive"	"Asserted"	"{""reason"":""not-supplied"",""status"":""absent""}"	"{""status"":""present"",""value"":58}"
"3480df7007cb6dcab43d3f725cfd83820c3b42d523253166569b51940554a142"	"wog:sit:many-fellows-killed"	"event"	"kill"	"{""reason"":""not-supplied"",""status"":""absent""}"	"many of our companions were killed (his words)"	"many of our companions were killed (his words)"	"Positive"	"Asserted"	"{""reason"":""not-supplied"",""status"":""absent""}"	"{""status"":""present"",""value"":57}"
"3480df7007cb6dcab43d3f725cfd83820c3b42d523253166569b51940554a142"	"wog:sit:might-be-killed"	"event"	"kill"	"{""reason"":""not-supplied"",""status"":""absent""}"	"he might be killed"	"he might be killed"	"Positive"	"Possible"	"{""reason"":""not-supplied"",""status"":""absent""}"	"{""status"":""present"",""value"":21}"
"3480df7007cb6dcab43d3f725cfd83820c3b42d523253166569b51940554a142"	"wog:sit:nearly-daylight"	"state"	"daylight"	"{""reason"":""not-supplied"",""status"":""absent""}"	"it is nearly daylight"	"it is nearly daylight"	"Positive"	"Asserted"	"{""status"":""not-applicable""}"	"{""status"":""present"",""value"":63}"
"3480df7007cb6dcab43d3f725cfd83820c3b42d523253166569b51940554a142"	"wog:sit:not-feel-sick"	"state"	"feel-sick"	"{""reason"":""not-supplied"",""status"":""absent""}"	"the young man does not feel sick"	"the young man does not feel sick"	"Negative"	"Asserted"	"{""status"":""not-applicable""}"	"{""status"":""present"",""value"":46}"
"3480df7007cb6dcab43d3f725cfd83820c3b42d523253166569b51940554a142"	"wog:sit:not-go-along"	"event"	"go"	"{""reason"":""not-supplied"",""status"":""absent""}"	"he will not go along"	"he will not go along"	"Negative"	"Intended"	"{""reason"":""not-supplied"",""status"":""absent""}"	"{""status"":""present"",""value"":20}"
"3480df7007cb6dcab43d3f725cfd83820c3b42d523253166569b51940554a142"	"wog:sit:people-at-egulac"	"state"	"live"	"{""reason"":""not-supplied"",""status"":""absent""}"	"people live at Egulac"	"people live at Egulac"	"Positive"	"Asserted"	"{""status"":""not-applicable""}"	"{""status"":""present"",""value"":0}"
"3480df7007cb6dcab43d3f725cfd83820c3b42d523253166569b51940554a142"	"wog:sit:people-cry"	"event"	"cry"	"{""reason"":""not-supplied"",""status"":""absent""}"	"the people jump up and cry"	"the people jump up and cry"	"Positive"	"Asserted"	"{""reason"":""not-supplied"",""status"":""absent""}"	"{""status"":""present"",""value"":70}"
"3480df7007cb6dcab43d3f725cfd83820c3b42d523253166569b51940554a142"	"wog:sit:recounting"	"event"	"tell"	"{""reason"":""not-supplied"",""status"":""absent""}"	"he tells everything that happened"	"he tells everything that happened"	"Positive"	"Asserted"	"{""reason"":""not-supplied"",""status"":""absent""}"	"{""status"":""present"",""value"":54}"
"3480df7007cb6dcab43d3f725cfd83820c3b42d523253166569b51940554a142"	"wog:sit:relative-left-me"	"event"	"leave"	"{""reason"":""not-supplied"",""status"":""absent""}"	"his relative left him"	"his relative left him"	"Positive"	"Asserted"	"{""reason"":""not-supplied"",""status"":""absent""}"	"{""status"":""present"",""value"":29}"
"3480df7007cb6dcab43d3f725cfd83820c3b42d523253166569b51940554a142"	"wog:sit:relatives-not-know"	"state"	"know"	"{""reason"":""not-supplied"",""status"":""absent""}"	"his relatives do not know where he has gone"	"his relatives do not know where he has gone"	"Negative"	"Asserted"	"{""status"":""not-applicable""}"	"{""status"":""present"",""value"":22}"
"3480df7007cb6dcab43d3f725cfd83820c3b42d523253166569b51940554a142"	"wog:sit:reported-shot"	"event"	"shoot"	"{""reason"":""not-supplied"",""status"":""absent""}"	"the young man has been shot (as the warriors say)"	"the young man has been shot (as the warriors say)"	"Positive"	"Reported"	"{""reason"":""not-supplied"",""status"":""absent""}"	"{""status"":""present"",""value"":42}"
"3480df7007cb6dcab43d3f725cfd83820c3b42d523253166569b51940554a142"	"wog:sit:see-canoe"	"event"	"see"	"{""reason"":""not-supplied"",""status"":""absent""}"	"they see one canoe approach them"	"they see one canoe approach them"	"Positive"	"Asserted"	"{""reason"":""not-supplied"",""status"":""absent""}"	"{""status"":""present"",""value"":10}"
"3480df7007cb6dcab43d3f725cfd83820c3b42d523253166569b51940554a142"	"wog:sit:sun-rises"	"event"	"rise"	"{""reason"":""not-supplied"",""status"":""absent""}"	"the sun rises"	"the sun rises"	"Positive"	"Asserted"	"{""reason"":""not-supplied"",""status"":""absent""}"	"{""status"":""present"",""value"":64}"
"3480df7007cb6dcab43d3f725cfd83820c3b42d523253166569b51940554a142"	"wog:sit:talk-in-canoe"	"event"	"talk"	"{""reason"":""not-supplied"",""status"":""absent""}"	"the people in the canoe talk together"	"the people in the canoe talk together"	"Positive"	"Asserted"	"{""reason"":""not-supplied"",""status"":""absent""}"	"{""status"":""present"",""value"":32}"
"3480df7007cb6dcab43d3f725cfd83820c3b42d523253166569b51940554a142"	"wog:sit:they-said-shot"	"event"	"say"	"{""reason"":""not-supplied"",""status"":""absent""}"	"they told him he was shot (his words)"	"they told him he was shot (his words)"	"Positive"	"Asserted"	"{""reason"":""not-supplied"",""status"":""absent""}"	"{""status"":""present"",""value"":59}"
"3480df7007cb6dcab43d3f725cfd83820c3b42d523253166569b51940554a142"	"wog:sit:think-war-party"	"event"	"think"	"{""reason"":""not-supplied"",""status"":""absent""}"	"they conjecture about a war party"	"they conjecture about a war party"	"Positive"	"Asserted"	"{""reason"":""not-supplied"",""status"":""absent""}"	"{""status"":""present"",""value"":5}"
"3480df7007cb6dcab43d3f725cfd83820c3b42d523253166569b51940554a142"	"wog:sit:war-party-present"	"state"	"exist"	"{""reason"":""not-supplied"",""status"":""absent""}"	"a war party is nearby (their conjecture)"	"a war party is nearby (their conjecture)"	"Positive"	"Possible"	"{""status"":""not-applicable""}"	"{""status"":""present"",""value"":6}"
"3480df7007cb6dcab43d3f725cfd83820c3b42d523253166569b51940554a142"	"wog:sit:warriors-are-ghosts"	"state"	"be"	"{""reason"":""not-supplied"",""status"":""absent""}"	"the warriors are ghosts"	"the warriors are ghosts"	"Positive"	"Asserted"	"{""status"":""not-applicable""}"	"{""status"":""present"",""value"":45}"
"3480df7007cb6dcab43d3f725cfd83820c3b42d523253166569b51940554a142"	"wog:sit:warriors-are-people"	"state"	"be"	"{""reason"":""not-supplied"",""status"":""absent""}"	"the warriors are ordinary people"	"the warriors are ordinary people"	"Positive"	"Asserted"	"{""status"":""not-applicable""}"	"{""status"":""present"",""value"":37}"
"3480df7007cb6dcab43d3f725cfd83820c3b42d523253166569b51940554a142"	"wog:sit:warriors-down-river"	"event"	"go"	"{""reason"":""not-supplied"",""status"":""absent""}"	"the warriors go on down the river"	"the warriors go on down the river"	"Positive"	"Asserted"	"{""reason"":""not-supplied"",""status"":""absent""}"	"{""status"":""present"",""value"":51}"
"3480df7007cb6dcab43d3f725cfd83820c3b42d523253166569b51940554a142"	"wog:sit:warriors-go"	"event"	"go"	"{""reason"":""not-supplied"",""status"":""absent""}"	"the warriors set off"	"the warriors set off"	"Positive"	"Asserted"	"{""reason"":""not-supplied"",""status"":""absent""}"	"{""status"":""present"",""value"":31}"
"3480df7007cb6dcab43d3f725cfd83820c3b42d523253166569b51940554a142"	"wog:sit:warriors-go-home"	"event"	"go"	"{""reason"":""not-supplied"",""status"":""absent""}"	"the warriors go home"	"the warriors go home"	"Positive"	"Asserted"	"{""reason"":""not-supplied"",""status"":""absent""}"	"{""status"":""present"",""value"":47}"
"3480df7007cb6dcab43d3f725cfd83820c3b42d523253166569b51940554a142"	"wog:sit:warriors-say-arrows"	"event"	"say"	"{""reason"":""not-supplied"",""status"":""absent""}"	"the men reply about arrows"	"the men reply about arrows"	"Positive"	"Asserted"	"{""reason"":""not-supplied"",""status"":""absent""}"	"{""status"":""present"",""value"":18}"
"3480df7007cb6dcab43d3f725cfd83820c3b42d523253166569b51940554a142"	"wog:sit:warriors-say-go-home"	"event"	"say"	"{""reason"":""not-supplied"",""status"":""absent""}"	"the warriors call for going home and speak of the young man being shot"	"the warriors call for going home and speak of the young man being shot"	"Positive"	"Asserted"	"{""reason"":""not-supplied"",""status"":""absent""}"	"{""status"":""present"",""value"":40}"
"3480df7007cb6dcab43d3f725cfd83820c3b42d523253166569b51940554a142"	"wog:sit:warriors-speak"	"event"	"speak"	"{""reason"":""not-supplied"",""status"":""absent""}"	"the men in the canoe address the pair"	"the men in the canoe address the pair"	"Positive"	"Asserted"	"{""reason"":""not-supplied"",""status"":""absent""}"	"{""status"":""present"",""value"":12}"
"3480df7007cb6dcab43d3f725cfd83820c3b42d523253166569b51940554a142"	"wog:sit:we-fought"	"event"	"fight"	"{""reason"":""not-supplied"",""status"":""absent""}"	"we fought (his words)"	"we fought (his words)"	"Positive"	"Asserted"	"{""reason"":""not-supplied"",""status"":""absent""}"	"{""status"":""present"",""value"":56}"
"3480df7007cb6dcab43d3f725cfd83820c3b42d523253166569b51940554a142"	"wog:sit:wish-take-along"	"state"	"want"	"{""reason"":""not-supplied"",""status"":""absent""}"	"the men want to take the pair along"	"the men want to take the pair along"	"Positive"	"Desired"	"{""status"":""not-applicable""}"	"{""status"":""present"",""value"":13}"
"3480df7007cb6dcab43d3f725cfd83820c3b42d523253166569b51940554a142"	"wog:sit:ym1-declines"	"event"	"say"	"{""reason"":""not-supplied"",""status"":""absent""}"	"one young man refuses to go, speaking to his fellow"	"one young man refuses to go, speaking to his fellow"	"Positive"	"Asserted"	"{""reason"":""not-supplied"",""status"":""absent""}"	"{""status"":""present"",""value"":19}"
"3480df7007cb6dcab43d3f725cfd83820c3b42d523253166569b51940554a142"	"wog:sit:ym1-goes-home"	"event"	"go"	"{""reason"":""not-supplied"",""status"":""absent""}"	"the one who declined goes home"	"the one who declined goes home"	"Positive"	"Asserted"	"{""reason"":""not-supplied"",""status"":""absent""}"	"{""status"":""present"",""value"":26}"
"3480df7007cb6dcab43d3f725cfd83820c3b42d523253166569b51940554a142"	"wog:sit:ym1-reports"	"event"	"say"	"{""reason"":""not-supplied"",""status"":""absent""}"	"the decliner tells what happened"	"the decliner tells what happened"	"Positive"	"Asserted"	"{""reason"":""not-supplied"",""status"":""absent""}"	"{""status"":""present"",""value"":28}"
"3480df7007cb6dcab43d3f725cfd83820c3b42d523253166569b51940554a142"	"wog:sit:ym1-returns-midnight"	"event"	"return"	"{""reason"":""not-supplied"",""status"":""absent""}"	"at midnight the decliner returns"	"at midnight the decliner returns"	"Positive"	"Asserted"	"{""reason"":""not-supplied"",""status"":""absent""}"	"{""status"":""present"",""value"":27}"
"3480df7007cb6dcab43d3f725cfd83820c3b42d523253166569b51940554a142"	"wog:sit:ym1-says-no-arrows"	"event"	"say"	"{""reason"":""not-supplied"",""status"":""absent""}"	"one young man says he has no arrows"	"one young man says he has no arrows"	"Positive"	"Asserted"	"{""reason"":""not-supplied"",""status"":""absent""}"	"{""status"":""present"",""value"":15}"
"3480df7007cb6dcab43d3f725cfd83820c3b42d523253166569b51940554a142"	"wog:sit:ym2-accompanies"	"event"	"accompany"	"{""reason"":""not-supplied"",""status"":""absent""}"	"the other young man joins the men"	"the other young man joins the men"	"Positive"	"Asserted"	"{""reason"":""not-supplied"",""status"":""absent""}"	"{""status"":""present"",""value"":24}"
"3480df7007cb6dcab43d3f725cfd83820c3b42d523253166569b51940554a142"	"wog:sit:ym2-ashore"	"event"	"go"	"{""reason"":""not-supplied"",""status"":""absent""}"	"the young man goes ashore"	"the young man goes ashore"	"Positive"	"Asserted"	"{""reason"":""not-supplied"",""status"":""absent""}"	"{""status"":""present"",""value"":50}"
"3480df7007cb6dcab43d3f725cfd83820c3b42d523253166569b51940554a142"	"wog:sit:ym2-concludes-ghosts"	"event"	"think"	"{""reason"":""not-supplied"",""status"":""absent""}"	"the young man concludes something about his companions"	"the young man concludes something about his companions"	"Positive"	"Asserted"	"{""reason"":""not-supplied"",""status"":""absent""}"	"{""status"":""present"",""value"":44}"
"3480df7007cb6dcab43d3f725cfd83820c3b42d523253166569b51940554a142"	"wog:sit:ym2-enters-canoe"	"event"	"enter"	"{""reason"":""not-supplied"",""status"":""absent""}"	"he boards their canoe"	"he boards their canoe"	"Positive"	"Asserted"	"{""reason"":""not-supplied"",""status"":""absent""}"	"{""status"":""present"",""value"":25}"
"3480df7007cb6dcab43d3f725cfd83820c3b42d523253166569b51940554a142"	"wog:sit:ym2-injured"	"event"	"shoot"	"{""reason"":""not-supplied"",""status"":""absent""}"	"the young man was in fact wounded (open hypothesis)"	"the young man was in fact wounded (open hypothesis)"	"Positive"	"Possible"	"{""reason"":""not-supplied"",""status"":""absent""}"	"{""status"":""present"",""value"":43}"
"3480df7007cb6dcab43d3f725cfd83820c3b42d523253166569b51940554a142"	"wog:sit:ym2-thinks-people"	"event"	"think"	"{""reason"":""not-supplied"",""status"":""absent""}"	"the young man takes his companions for ordinary people"	"the young man takes his companions for ordinary people"	"Positive"	"Asserted"	"{""reason"":""not-supplied"",""status"":""absent""}"	"{""status"":""present"",""value"":36}"
"3480df7007cb6dcab43d3f725cfd83820c3b42d523253166569b51940554a142"	"wog:sit:ym2-to-house"	"event"	"go"	"{""reason"":""not-supplied"",""status"":""absent""}"	"the young man goes up to the house"	"the young man goes up to the house"	"Positive"	"Asserted"	"{""reason"":""not-supplied"",""status"":""absent""}"	"{""status"":""present"",""value"":52}"
"3480df7007cb6dcab43d3f725cfd83820c3b42d523253166569b51940554a142"	"wog:sit:ym2-went-with-warriors"	"event"	"accompany"	"{""reason"":""not-supplied"",""status"":""absent""}"	"his relative went with the warriors going upriver to make war"	"his relative went with the warriors going upriver to make war"	"Positive"	"Asserted"	"{""reason"":""not-supplied"",""status"":""absent""}"	"{""status"":""present"",""value"":30}"
"3480df7007cb6dcab43d3f725cfd83820c3b42d523253166569b51940554a142"	"wog:sit:you-may-go"	"event"	"go"	"{""reason"":""not-supplied"",""status"":""absent""}"	"the other may go with them"	"the other may go with them"	"Positive"	"Possible"	"{""reason"":""not-supplied"",""status"":""absent""}"	"{""status"":""present"",""value"":23}"
